mp_id,dim1,dim2,dim3,příjmení,jméno,kandidátka,klub,datum
4,31.27819905573476,15.731277567583,0.8898368645460312,Benda,Marek,Spolu,ODS,2. pol. 2021
207,-35.47334309070193,-19.717554115796563,17.003314399404275,Bašta,Jaroslav,Svoboda a prima demokracie - Tomio Okamura,SPD,2. pol. 2021
346,31.001360656775027,15.514097754715301,1.7969040189354961,Bendl,Petr,Spolu,ODS,2. pol. 2021
5226,30.621218208845445,15.247491006439787,1.0352755169218435,Žáček,Pavel,Spolu,ODS,2. pol. 2021
5332,31.096143976015604,15.61522703470991,0.9765189984343005,Tesařík,Antonín,Spolu,KDU-ČSL,2. pol. 2021
5379,31.12226508629775,15.880256642477416,2.1579387498400133,Bauer,Jan,Spolu,ODS,2. pol. 2021
5449,27.67099716376736,12.982675215998077,1.5619368169456012,Carbol,Jiří,Spolu,KDU-ČSL,2. pol. 2021
5459,-35.85200452681157,-20.573109586278523,17.166568176530348,Fiala,Radim,Svoboda a prima demokracie - Tomio Okamura,SPD,2. pol. 2021
5477,-35.4817864372652,-19.665989483862877,16.73234268115359,Lesenská,Vladimíra,Svoboda a prima demokracie - Tomio Okamura,SPD,2. pol. 2021
5700,30.839743455267286,15.474038608227172,1.9054211315018956,Adamec,Ivan,Spolu,ODS,2. pol. 2021
5899,30.92384820951609,15.62543355870777,0.03339249952389028,Bureš,Jan,Spolu,ODS,2. pol. 2021
5901,31.096143976015604,15.61522703470991,0.9765189984343005,Cogan,Josef,Pirati+STAN,STAN,2. pol. 2021
5903,25.559983835776233,12.448679482667478,2.263333579659258,Černochová,Jana,Spolu,ODS,2. pol. 2021
5909,31.52139732542674,15.898245130155903,2.023911348981996,Farský,Jan,Pirati+STAN,STAN,2. pol. 2021
5911,-35.41918045957048,-19.76967558286473,16.80999083866377,Foldyna,Jaroslav,Svoboda a prima demokracie - Tomio Okamura,SPD,2. pol. 2021
5914,30.615294988724063,15.50508279748245,0.8882631024164395,Gazdík,Petr,Pirati+STAN,STAN,2. pol. 2021
5943,32.18267726495005,16.160143531703437,2.452966568538222,Langšádlová,Helena,Spolu,TOP09,2. pol. 2021
5968,31.268354150531334,15.682544795534707,0.9267028304822875,Staněk,Pavel,Spolu,ODS,2. pol. 2021
5969,25.203122315759792,12.07463181451293,0.09576423481934844,Stanjura,Zbyněk,Spolu,ODS,2. pol. 2021
6007,30.382102250955977,15.03630513205742,1.7670874704267199,Svoboda,Bohuslav,Spolu,ODS,2. pol. 2021
6074,32.14128825273333,17.083634678751192,1.8662680079810574,Fiala,Petr,Spolu,ODS,2. pol. 2021
6079,23.691506167854115,11.430214947100461,3.605683998328775,Blažek,Pavel,Spolu,ODS,2. pol. 2021
6105,-35.905736526480524,-19.92322750177833,17.957081636107908,Okamura,Tomio,Svoboda a prima demokracie - Tomio Okamura,SPD,2. pol. 2021
6138,25.08670189998502,11.693274145246553,3.052403084872534,Bělobrádek,Pavel,Spolu,KDU-ČSL,2. pol. 2021
6143,-36.84041691057994,-18.07600748257916,-6.770355684249509,Berkovec,Stanislav,ANO2011,ANO,2. pol. 2021
6147,31.79119776697595,16.199694828260412,1.0646664868211428,Pekarová Adamová,Markéta,Spolu,TOP09,2. pol. 2021
6150,-43.68853887320888,-23.9418228672793,6.870988149526976,Babiš,Andrej,ANO2011,ANO,2. pol. 2021
6154,30.788698620182544,15.415977707699817,0.8130324997351183,Ženíšek,Marek,Spolu,TOP09,2. pol. 2021
6158,-36.29271567920338,-17.424858554042768,-7.35076102688385,Rais,Karel,ANO2011,ANO,2. pol. 2021
6165,-35.7895309473427,-17.95185682342129,-0.5182612327327971,Vondráček,Radek,ANO2011,ANO,2. pol. 2021
6166,-37.49206808946609,-18.603290756321677,-6.110450530350286,Volný,Jan,ANO2011,ANO,2. pol. 2021
6168,-38.35158956702118,-19.40455137731836,-7.439916990652728,Válková,Helena,ANO2011,ANO,2. pol. 2021
6172,-36.358208366900946,-17.62564917250315,-7.299607361125973,Okleštěk,Ladislav,ANO2011,ANO,2. pol. 2021
6176,31.09707857987261,15.631253333872811,0.9767503185766861,Nováková,Nina,Spolu,KDU-ČSL,2. pol. 2021
6177,-34.39031623322228,-15.699800085237266,-6.50501431902008,Balaštíková,Margita,ANO2011,ANO,2. pol. 2021
6178,31.055083566755545,15.630994738201252,2.487900585119659,Bartošek,Jan,Spolu,KDU-ČSL,2. pol. 2021
6179,31.10111682262103,15.682464172610205,1.0592014689555078,Benešík,Ondřej,Spolu,KDU-ČSL,2. pol. 2021
6184,-36.93244359942839,-18.090059119650267,-7.729511879916898,Brabec,Richard,ANO2011,ANO,2. pol. 2021
6185,-36.77575069968841,-17.7262395836041,-6.358293449306059,Brázdil,Milan,ANO2011,ANO,2. pol. 2021
6190,-37.820056289319766,-18.77228150906052,-6.8312064369490875,Faltýnek,Jaroslav,ANO2011,ANO,2. pol. 2021
6201,-37.3778191998901,-18.299100448326158,-5.7848341493822915,Janulík,Miloslav,ANO2011,ANO,2. pol. 2021
6202,-37.85837391367882,-19.000412493094064,-8.460460047683794,Pokorná Jermanová,Jaroslava,ANO2011,ANO,2. pol. 2021
6205,31.62549502163423,15.928355978964975,2.980886027778295,Jurečka,Marian,Spolu,KDU-ČSL,2. pol. 2021
6207,31.093426312761405,15.604135541943679,0.9657748228546955,Kaňkovský,Vít,Spolu,KDU-ČSL,2. pol. 2021
6209,-41.63257257649413,-21.48611453291578,-12.59137158827368,Kasal,David,ANO2011,ANO,2. pol. 2021
6211,-38.65510508415976,-19.13819148236714,-5.305911626712509,Kolovratník,Martin,ANO2011,ANO,2. pol. 2021
6214,30.932932436620238,15.409861566116493,0.9479610287901783,Kovářová,Věra,Pirati+STAN,STAN,2. pol. 2021
6215,-37.27176609135589,-18.271857656702657,-5.97189752394285,Kubíček,Roman,ANO2011,ANO,2. pol. 2021
6216,31.406293125535562,15.834935529989787,1.2455707339216346,Kučera,Michal,Spolu,TOP09,2. pol. 2021
6225,-36.62432763380136,-17.84058887439495,-6.035884875171585,Pastuchová,Jana,ANO2011,ANO,2. pol. 2021
6240,-41.51462797743034,-21.396532612399948,-12.667769086934968,Tureček,Karel,ANO2011,ANO,2. pol. 2021
6246,-36.49435445065827,-17.74228703142778,-7.435318637513014,Kott,Josef,ANO2011,ANO,2. pol. 2021
6254,-36.95789230509086,-18.130604840315712,-6.76108198655367,Adámková,Věra,ANO2011,ANO,2. pol. 2021
6292,27.81337290490187,12.967931311309961,1.5570654731112943,Golasowská,Pavla,Spolu,KDU-ČSL,2. pol. 2021
6409,-36.7683389564468,-17.796070984176655,-6.340420681053456,Petrtýl,František,ANO2011,ANO,2. pol. 2021
6418,30.652293254185835,15.445184981082058,3.1151209055515494,Skopeček,Jan,Spolu,ODS,2. pol. 2021
6428,-32.552248465245825,-16.085730488718735,-6.116020321305788,Babišová,Andrea,ANO2011,ANO,2. pol. 2021
6430,-37.480404982586144,-18.86168999870274,-8.511914323202676,Dostálová,Klára,ANO2011,ANO,2. pol. 2021
6431,-37.23201653376419,-18.32684992971851,-6.051362168404568,Dražilová,Lenka,ANO2011,ANO,2. pol. 2021
6433,30.969119808279974,15.922027803815764,0.8878521275726206,Bartoš,Ivan,Pirati+STAN,Piráti,2. pol. 2021
6435,30.95803333123033,15.710339914602867,0.9272009617943306,Baxa,Martin,Spolu,ODS,2. pol. 2021
6436,32.22350209827822,16.480361473164766,2.0242979076380783,Beitl,Petr,Spolu,ODS,2. pol. 2021
6437,-36.81520145802263,-17.798343389289013,-6.254350794069691,Bělica,Josef,ANO2011,ANO,2. pol. 2021
6438,31.245379116381667,15.56065491396802,0.9125963392191027,Blaha,Stanislav,Spolu,ODS,2. pol. 2021
6441,-36.35525696775322,-17.68854684891161,-7.936289502357217,Bžoch,Jaroslav,ANO2011,ANO,2. pol. 2021
6445,-35.808736416791675,-19.768862577188624,17.64229408085253,Dvořák,Jaroslav,Svoboda a prima demokracie - Tomio Okamura,SPD,2. pol. 2021
6447,-37.3778191998901,-18.299100448326158,-5.7848341493822915,Farhan,Kamal,ANO2011,ANO,2. pol. 2021
6448,-36.77770338735641,-18.08484257652252,-5.703376534193519,Feranec,Milan,ANO2011,ANO,2. pol. 2021
6451,-36.358208366900946,-17.62564917250315,-7.299607361125973,Fridrich,Stanislav,ANO2011,ANO,2. pol. 2021
6455,-35.44841894259578,-19.179884685522207,15.954535844708087,Hrnčíř,Jan,Svoboda a prima demokracie - Tomio Okamura,SPD,2. pol. 2021
6457,-36.19898074584283,-17.64115638124144,-7.475223159281645,Fialová,Eva,ANO2011,ANO,2. pol. 2021
6458,-37.958494993290806,-18.747679310395146,-8.53055562751992,Jáč,Ivan,ANO2011,ANO,2. pol. 2021
6459,30.702987375271285,15.352116108200734,0.8344047884001942,Janda,Jakub,Spolu,ODS,2. pol. 2021
6463,-36.37893059969476,-17.6503860301368,-7.342781234939482,Juchelka,Aleš,ANO2011,ANO,2. pol. 2021
6466,31.148463538528645,15.65265508551678,0.7804677815922938,Krutáková,Jana,Pirati+STAN,STAN,2. pol. 2021
6468,-37.190696072288674,-18.259740078696893,-6.553990383229464,Malá,Taťána,ANO2011,ANO,2. pol. 2021
6469,-35.63803447811437,-19.835476419576406,17.904850584010596,Maříková,Karla,Svoboda a prima demokracie - Tomio Okamura,SPD,2. pol. 2021
6471,-37.42168317217232,-18.354669222715156,-5.850130010892465,Mračková Vildumetzová,Jana,ANO2011,ANO,2. pol. 2021
6473,31.28254201611148,16.012675522474648,1.022182063349073,Richterová,Olga,Pirati+STAN,Piráti,2. pol. 2021
6474,-36.967688610344254,-18.128678636652648,-6.74402082945481,Ožanová,Zuzana,ANO2011,ANO,2. pol. 2021
6475,-37.3778191998901,-18.299100448326158,-5.7848341493822915,Oborná,Monika,ANO2011,ANO,2. pol. 2021
6477,30.749510174535473,15.663195264443573,1.5051199707999947,Michálek,Jakub,Pirati+STAN,Piráti,2. pol. 2021
6479,-35.8652994459908,-19.845837932835504,17.93656001695559,Šafránková,Lucie,Svoboda a prima demokracie - Tomio Okamura,SPD,2. pol. 2021
6482,32.48618495188887,17.02600408595342,3.7302071830877965,Válek,Vlastimil,Spolu,TOP09,2. pol. 2021
6484,-39.901514035471436,-20.446861496625033,-11.802815368472729,Štolpa,David,ANO2011,ANO,2. pol. 2021
6486,31.899946096091863,16.195785213465204,1.6741434949980878,Munzar,Vojtěch,Spolu,ODS,2. pol. 2021
6487,-36.51362047536987,-17.971177888800458,-0.016712583949675747,Nacher,Patrik,ANO2011,ANO,2. pol. 2021
6490,-36.40531442908261,-17.56207149281974,-7.429390910719868,Vrána,Petr,ANO2011,ANO,2. pol. 2021
6492,-37.14106799165422,-18.37550056964498,-6.013585755881609,Vondrák,Ivo,ANO2011,Nezařaz,2. pol. 2021
6495,-35.21304027934154,-19.505424382921003,17.05500957445827,Vích,Radovan,Svoboda a prima demokracie - Tomio Okamura,SPD,2. pol. 2021
6500,-37.279639415984406,-18.099554126712395,-5.743058211442372,Richter,Jan,ANO2011,ANO,2. pol. 2021
6503,-35.29617667278778,-19.364433152402025,17.43952335871498,Kobza,Jiří,Svoboda a prima demokracie - Tomio Okamura,SPD,2. pol. 2021
6505,-38.17966633363487,-19.221269917475897,-8.561795048438974,Špičák,Julius,ANO2011,ANO,2. pol. 2021
6506,-38.25367014795789,-18.814574768280615,-7.483539607793999,Kohoutek,Tomáš,ANO2011,ANO,2. pol. 2021
6508,-35.55599555909465,-19.64911436617108,17.205616423586015,Koten,Radek,Svoboda a prima demokracie - Tomio Okamura,SPD,2. pol. 2021
6509,-36.65814799020059,-17.78098280420237,-6.547457069151122,Králíček,Robert,ANO2011,ANO,2. pol. 2021
6510,31.218580435297902,15.728665391206745,0.9155824541756687,Krejza,Karel,Spolu,ODS,2. pol. 2021
6511,-33.76723450075361,-16.487719396436894,-4.600322647655564,Kubík,Jan,ANO2011,ANO,2. pol. 2021
6513,31.21530296473761,15.998936284442768,0.6894705449637072,Výborný,Marek,Spolu,KDU-ČSL,2. pol. 2021
6515,-30.719721360462206,-14.218237952211231,-7.465633991774212,Strýček,Jiří,ANO2011,ANO,2. pol. 2021
6518,-36.29368054719554,-17.46654721597601,-8.186566776578074,Sadovský,Petr,ANO2011,ANO,2. pol. 2021
6520,-36.280950668894775,-17.430684712164428,-7.435134359397681,Růžička,Pavel,ANO2011,ANO,2. pol. 2021
6521,-35.8652994459908,-19.845837932835504,17.93656001695559,Rozvoral,Radek,Svoboda a prima demokracie - Tomio Okamura,SPD,2. pol. 2021
6523,-36.341668253047644,-17.58684934896485,-8.056998780420834,Ratiborský,Michal,ANO2011,ANO,2. pol. 2021
6524,31.051185515668227,14.719220844086674,-3.0885739369115264,Rakušan,Vít,Pirati+STAN,STAN,2. pol. 2021
6527,-34.54306809492553,-16.999995272514386,-2.8564429566845564,Pražák,David,ANO2011,ANO,2. pol. 2021
6533,-36.39064208344951,-17.54683613503443,-7.283506880875501,Novák,Marek,ANO2011,ANO,2. pol. 2021
6534,-34.34192470441598,-16.950056439550643,-1.869843292579974,Mašek,Jiří,ANO2011,ANO,2. pol. 2021
6538,32.11357605010029,16.54170300926722,1.797570799073793,Kupka,Martin,Spolu,ODS,2. pol. 2021
6544,-36.67615079671129,-17.740489198548527,-6.577687561430522,Metnar,Lubomír,ANO2011,ANO,2. pol. 2021
6545,-37.08936576251648,-18.05890543114541,-6.9066846243829065,Schillerová,Alena,ANO2011,ANO,2. pol. 2021
6555,31.275161017018945,15.522342458552702,1.2634185832004736,Philipp,Tom,Spolu,KDU-ČSL,2. pol. 2021
6621,-37.5444367518479,-18.567858290866283,-7.612105024301666,Havlíček,Karel,ANO2011,ANO,2. pol. 2021
6623,-36.96711319290635,-18.108273590712773,-5.739464777292848,Babka,Ondřej,ANO2011,ANO,2. pol. 2021
6687,31.12137510947249,15.702053260118268,0.9621683601349869,Jakob,Jan,Spolu,TOP09,2. pol. 2021
6719,34.72590517126288,18.404633293196383,4.793834994554476,Bačíková,Jana,Spolu,ODS,2. pol. 2021
6720,31.11273235208337,15.610316071428423,0.9556814810136871,Bělohlávková,Romana,Spolu,KDU-ČSL,2. pol. 2021
6721,31.09707857987261,15.631253333872811,0.9767503185766861,Bělor,Roman,Pirati+STAN,STAN,2. pol. 2021
6722,31.034892910971,15.534011869041569,1.779071402029691,Berki,Jan,Pirati+STAN,STAN,2. pol. 2021
6723,-36.358208366900946,-17.62564917250315,-7.299607361125973,Berkovcová,Jana,ANO2011,ANO,2. pol. 2021
6724,30.829792213766208,15.295436169101064,2.3577772650448265,Bernard,Josef,Pirati+STAN,STAN,2. pol. 2021
6725,-36.57685224683381,-17.75531467107686,-6.912752023661948,Brož,Lubomír,ANO2011,ANO,2. pol. 2021
6726,-35.35987763073712,-19.38742544202474,17.51858520967974,Černý,Oldřich,Svoboda a prima demokracie - Tomio Okamura,SPD,2. pol. 2021
6727,31.04134509552962,15.589547714362142,0.5595624417255581,Decroix,Eva,Spolu,ODS,2. pol. 2021
6728,31.096143976015604,15.61522703470991,0.9765189984343005,Dubský,Tomáš,Pirati+STAN,STAN,2. pol. 2021
6729,31.096143976015604,15.61522703470991,0.9765189984343005,Dufek,Aleš,Spolu,KDU-ČSL,2. pol. 2021
6730,-36.96884202374823,-18.146505990068523,-6.747342567722309,Wenzl,Lubomír,ANO2011,ANO,2. pol. 2021
6731,-18.61894126425261,-9.460010767933094,-7.725094877376848,Wenzl,Milan,ANO2011,ANO,2. pol. 2021
6732,-36.967688610344254,-18.128678636652648,-6.74402082945481,Mádlová,Ivana,ANO2011,ANO,2. pol. 2021
6733,31.206631687128063,15.636382240209562,0.9626028788020325,Major,Martin,Spolu,ODS,2. pol. 2021
6734,31.11592840962169,15.61271727939793,0.9740338887672947,Liška,Petr,Pirati+STAN,STAN,2. pol. 2021
6735,30.840358128140103,15.532352269432925,0.7678564299963132,Kuchař,Jan,Pirati+STAN,STAN,2. pol. 2021
6736,-36.52941653145397,-17.773173865036732,-7.444031735393453,Kukla,Martin,ANO2011,ANO,2. pol. 2021
6737,31.075070824006847,15.60224605628595,1.041205579501586,Lacina,Jan,Pirati+STAN,STAN,2. pol. 2021
6738,-31.802283272840032,-15.177782883936468,-5.144323871544134,Lang,Hubert,ANO2011,ANO,2. pol. 2021
6739,31.096143976015604,15.61522703470991,0.9765189984343005,Letocha,Petr,Pirati+STAN,STAN,2. pol. 2021
6740,-39.88897555064868,-21.41192675867832,17.51356099374799,Sládeček,Karel,Svoboda a prima demokracie - Tomio Okamura,SPD,2. pol. 2021
6741,31.096143976015604,15.61522703470991,0.9765189984343005,Slavík,Jiří,Spolu,TOP09,2. pol. 2021
6742,32.76647431148418,16.90116336979023,2.329211478138463,Smetana,Karel,Spolu,KDU-ČSL,2. pol. 2021
6743,-36.358208366900946,-17.62564917250315,-7.299607361125973,Stržínek,Robert,ANO2011,ANO,2. pol. 2021
6744,31.470623677287712,15.94343031789256,-1.9947670588916282,Salvetr,Rudolf,Spolu,ODS,2. pol. 2021
6745,-35.30473760625269,-19.35540408196822,17.522279147326454,Pošarová,Marie,Svoboda a prima demokracie - Tomio Okamura,SPD,2. pol. 2021
6746,31.09707857987261,15.631253333872811,0.9767503185766861,Potůčková,Lucie,Pirati+STAN,STAN,2. pol. 2021
6747,31.09707857987261,15.631253333872811,0.9767503185766861,Exner,Martin,Pirati+STAN,STAN,2. pol. 2021
6748,32.223751795177954,16.584360929706914,1.9872620881127991,Fifka,Petr,Spolu,ODS,2. pol. 2021
6749,-41.58328573142432,-21.46892412511874,-12.594026651327624,Fischerová,Romana,ANO2011,ANO,2. pol. 2021
6750,28.50051208302695,13.684368410837614,0.8037085328967317,Flek,Josef,Pirati+STAN,STAN,2. pol. 2021
6751,31.096143976015604,15.61522703470991,0.9765189984343005,Haas,Karel,Spolu,ODS,2. pol. 2021
6752,31.096143976015604,15.61522703470991,0.9765189984343005,Hájek,Martin,Pirati+STAN,STAN,2. pol. 2021
6753,-37.276567141104486,-18.135487902250507,-8.65845879749362,Hanzlíková,Jana,ANO2011,ANO,2. pol. 2021
6754,31.096143976015604,15.61522703470991,0.9765189984343005,Havel,Matěj Ondřej,Spolu,TOP09,2. pol. 2021
6755,30.911950236583365,15.499074077784584,1.899572274150043,Havránek,Jiří,Spolu,ODS,2. pol. 2021
6756,-38.491078259295605,-19.53912322982255,-7.770101099460265,Helebrant,Tomáš,ANO2011,ANO,2. pol. 2021
6757,31.098804638933856,15.616398178419912,0.9766809820684097,Heller,Šimon,Spolu,KDU-ČSL,2. pol. 2021
6758,-36.358208366900946,-17.62564917250315,-7.299607361125973,Hendrych,Igor,ANO2011,ANO,2. pol. 2021
6759,31.096143976015604,15.61522703470991,0.9765189984343005,Hofmann,Jan,Spolu,ODS,2. pol. 2021
6760,-45.89086799703281,-25.788243013251684,-2.659372280735982,Holiš,Radim,ANO2011,ANO,2. pol. 2021
6761,31.096143976015604,15.61522703470991,0.9765189984343005,Quittová,Petra,Pirati+STAN,STAN,2. pol. 2021
6762,31.220235335607626,15.628300169453551,0.9758986603750226,Pivoňka Vaňková,Pavla,Pirati+STAN,STAN,2. pol. 2021
6763,31.118536100586983,15.62693008067886,0.8528143102379159,Šebelová,Michaela,Pirati+STAN,STAN,2. pol. 2021
6764,28.525832689129583,13.762460470991464,0.932772838480846,Jílková,Marie,Spolu,KDU-ČSL,2. pol. 2021
6765,31.090589790307078,15.624741333458108,0.874235290401596,Kašník,Pavel,Spolu,ODS,2. pol. 2021
6766,31.18906190068011,15.653621480156104,0.9688435372080335,Olšáková,Eliška,Pirati+STAN,STAN,2. pol. 2021
6767,30.824463830541685,15.312428025091872,2.361547664810264,Opltová,Michaela,Pirati+STAN,STAN,2. pol. 2021
6768,31.096143976015604,15.61522703470991,0.9765189984343005,Nový,Miloš,Spolu,TOP09,2. pol. 2021
6769,30.967399668323445,15.487121321435335,1.6186964742589134,Okamura,Hayato,Spolu,KDU-ČSL,2. pol. 2021
6770,-36.35018682758009,-17.610087516482604,-7.288892217565392,Oulehlová,Renata,ANO2011,ANO,2. pol. 2021
6771,31.104165515336465,15.630788690730457,0.9872341419948811,Naiclerová,Hana,Pirati+STAN,STAN,2. pol. 2021
6772,31.096143976015604,15.61522703470991,0.9765189984343005,Müller,Tomáš,Pirati+STAN,STAN,2. pol. 2021
6773,-35.92845712081525,-19.858310330797533,18.093327152926964,Kettner,Zdeněk,Svoboda a prima demokracie - Tomio Okamura,SPD,2. pol. 2021
6774,31.096143976015604,15.61522703470991,0.9765189984343005,Klíma,Pavel,Spolu,TOP09,2. pol. 2021
6775,-36.376847199360554,-17.64107243959838,-7.3377080860151676,Knechtová,Lenka,ANO2011,ANO,2. pol. 2021
6776,31.166391998992395,15.788860176080048,0.9271357695846012,Kocmanová,Klára,Pirati+STAN,Piráti,2. pol. 2021
6777,31.603386244220502,16.000541085452614,1.8174655758096177,Kohajda,Michael,Spolu,KDU-ČSL,2. pol. 2021
6778,31.096143976015604,15.61522703470991,0.9765189984343005,Ochodnická,Martina,Spolu,TOP09,2. pol. 2021
6779,31.206271494816132,15.724886049543917,0.9437777553481391,Lochman,Ondřej,Pirati+STAN,STAN,2. pol. 2021
6780,-36.846384495327406,-17.994716282477793,-6.079980132516572,Peštová,Berenika,ANO2011,ANO,2. pol. 2021
6781,31.096143976015604,15.61522703470991,0.9765189984343005,Rataj,Michael,Pirati+STAN,STAN,2. pol. 2021
6782,-37.3778191998901,-18.299100448326158,-5.7848341493822915,Ryba,Drahoslav,ANO2011,ANO,2. pol. 2021
6783,-35.748978277638216,-19.770818130770078,17.31422991806371,Síla,Jan,Svoboda a prima demokracie - Tomio Okamura,SPD,2. pol. 2021
6784,31.176822796790535,15.677051341742597,0.5546539296636013,Šimek,David,Spolu,KDU-ČSL,2. pol. 2021
6785,-35.31165678089876,-19.351926770279185,17.50372179245266,Štefanová,Iveta,Svoboda a prima demokracie - Tomio Okamura,SPD,2. pol. 2021
6786,31.09707857987261,15.631253333872811,0.9767503185766861,Teleky,Róbert,Spolu,KDU-ČSL,2. pol. 2021
6787,31.096143976015604,15.61522703470991,0.9765189984343005,Turek,Libor,Spolu,ODS,2. pol. 2021
6788,28.119689471057686,14.347643624054824,-2.7205858748107894,Urbanová,Barbora,Pirati+STAN,STAN,2. pol. 2021
6789,31.189999355011782,15.669686298636531,0.969071325037567,Vlček,Lukáš,Pirati+STAN,STAN,2. pol. 2021
6790,33.52848889339347,17.646296510272006,3.425305757223537,Voborská,Milada,Pirati+STAN,STAN,2. pol. 2021
6791,31.096143976015604,15.61522703470991,0.9765189984343005,Vojtko,Viktor,Pirati+STAN,STAN,2. pol. 2021
6792,25.027335267808397,12.169564972745166,0.6473308216353487,Vomáčka,Vít,Spolu,ODS,2. pol. 2021
6793,31.249728407567346,15.71411402552661,0.5049510859750774,Zajíčková,Renáta,Spolu,ODS,2. pol. 2021
6794,31.324056580879134,15.638492778763137,2.1784213033357207,Zborovský,Miroslav,Spolu,KDU-ČSL,2. pol. 2021
6795,-35.83600554907624,-20.244762745120923,19.09678285815982,Zlínský,Vladimír,Svoboda a prima demokracie - Tomio Okamura,SPD,2. pol. 2021
6796,31.096143976015604,15.61522703470991,0.9765189984343005,Zuna,Michal,Spolu,TOP09,2. pol. 2021
6797,28.583684713186056,14.656717426132087,-2.5710986246185734,Balaš,Vladimír,Pirati+STAN,STAN,2. pol. 2021
6798,31.103353052145792,15.642675996644112,0.9779525426491035,Hájek,Jiří,Pirati+STAN,STAN,2. pol. 2021
6799,31.098122513274227,15.51036338710132,2.8856198242432187,Kolář,Ondřej,Spolu,TOP09,2. pol. 2021
6800,31.300499840411902,15.6495712652375,0.3213625284318602,Král,Václav,Spolu,ODS,2. pol. 2021
6801,30.84880114693348,15.518782881144341,0.8185189443855255,Navrátil,Jiří,Spolu,KDU-ČSL,2. pol. 2021
6802,31.587290283200172,16.12574743882264,1.1686904057970613,Svoboda,Pavel,Spolu,TOP09,2. pol. 2021
6803,30.83266761112895,15.416137140093547,1.245655465708505,Horák,Jiří,Spolu,KDU-ČSL,2. pol. 2021
6804,31.240592261968764,15.623378887494326,0.949245023811023,Němečková Crkvenjaš,Zdenka,Spolu,ODS,2. pol. 2021
4,31.690589647068627,17.296401848280652,4.35700715357203,Benda,Marek,Spolu,ODS,1. pol. 2022
207,-34.38577579552982,-19.874647209597317,15.597958016078497,Bašta,Jaroslav,Svoboda a prima demokracie - Tomio Okamura,SPD,1. pol. 2022
346,31.954943931455638,17.38086107954589,5.3741853395827555,Bendl,Petr,Spolu,ODS,1. pol. 2022
5226,31.559375529784102,17.018544418309475,4.106287504760889,Žáček,Pavel,Spolu,ODS,1. pol. 2022
5332,30.680435302701586,16.56759821398826,3.0394592368759366,Tesařík,Antonín,Spolu,KDU-ČSL,1. pol. 2022
5379,31.66148325992655,17.311415992806186,3.141461960483968,Bauer,Jan,Spolu,ODS,1. pol. 2022
5449,30.89226783052993,16.583935925727896,2.244948138270279,Carbol,Jiří,Spolu,KDU-ČSL,1. pol. 2022
5459,-34.14943126004567,-19.739455095489696,16.601672440946306,Fiala,Radim,Svoboda a prima demokracie - Tomio Okamura,SPD,1. pol. 2022
5477,-33.906142114726585,-19.736971059639107,15.816378326553657,Lesenská,Vladimíra,Svoboda a prima demokracie - Tomio Okamura,SPD,1. pol. 2022
5700,31.188123044930407,16.970278720156262,3.3857084846018894,Adamec,Ivan,Spolu,ODS,1. pol. 2022
5899,31.84702088305737,17.411872231082764,5.250851749337751,Bureš,Jan,Spolu,ODS,1. pol. 2022
5901,31.3156279297064,16.966258346981455,3.1553987703705006,Cogan,Josef,Pirati+STAN,STAN,1. pol. 2022
5903,32.70506054018211,17.7721468963567,4.394851504604345,Černochová,Jana,Spolu,ODS,1. pol. 2022
5911,-33.19556724574185,-18.799704360109228,16.69432652855194,Foldyna,Jaroslav,Svoboda a prima demokracie - Tomio Okamura,SPD,1. pol. 2022
5914,30.08817536803122,16.196476292116625,3.4698944429319285,Gazdík,Petr,Pirati+STAN,STAN,1. pol. 2022
5943,30.205697376417888,16.32452838538846,3.1793253307142013,Langšádlová,Helena,Spolu,TOP09,1. pol. 2022
5968,31.476031172130057,16.988716608713133,2.558717237744328,Staněk,Pavel,Spolu,ODS,1. pol. 2022
5969,32.83588699527013,17.83989347058924,3.9992880248507037,Stanjura,Zbyněk,Spolu,ODS,1. pol. 2022
6007,31.487718578500644,17.206089773553078,3.3416971003002556,Svoboda,Bohuslav,Spolu,ODS,1. pol. 2022
6074,29.824507435210936,16.336938686491436,0.3345146184015303,Fiala,Petr,Spolu,ODS,1. pol. 2022
6079,31.305984113844485,16.778104243138873,2.8626870825372737,Blažek,Pavel,Spolu,ODS,1. pol. 2022
6105,-33.99277420975761,-19.52547675299856,16.557671667430423,Okamura,Tomio,Svoboda a prima demokracie - Tomio Okamura,SPD,1. pol. 2022
6138,27.749520643727006,15.141460512348706,0.8586982672615472,Bělobrádek,Pavel,Spolu,KDU-ČSL,1. pol. 2022
6143,-37.78186004105103,-20.2355258885039,-8.673156094842954,Berkovec,Stanislav,ANO2011,ANO,1. pol. 2022
6147,31.830629706360103,17.211637312095615,4.688779786540058,Pekarová Adamová,Markéta,Spolu,TOP09,1. pol. 2022
6150,-36.365757523195,-18.99137221370755,-9.119746423645665,Babiš,Andrej,ANO2011,ANO,1. pol. 2022
6154,31.338510593799008,16.93643885149727,3.2630949757993712,Ženíšek,Marek,Spolu,TOP09,1. pol. 2022
6158,-37.885865394804576,-20.082667358935883,-9.658630099752815,Rais,Karel,ANO2011,ANO,1. pol. 2022
6165,-32.69791508561242,-17.928157363078707,-3.53111830699618,Vondráček,Radek,ANO2011,ANO,1. pol. 2022
6166,-35.032973998133016,-18.83747190867815,-10.05790085072367,Volný,Jan,ANO2011,ANO,1. pol. 2022
6168,-36.170690715365375,-19.196033386322593,-12.197981601929497,Válková,Helena,ANO2011,ANO,1. pol. 2022
6172,-38.446058969926014,-20.595891562765708,-10.555027810435082,Okleštěk,Ladislav,ANO2011,ANO,1. pol. 2022
6176,31.50500790062243,17.066800282021727,4.408409749505078,Nováková,Nina,Spolu,KDU-ČSL,1. pol. 2022
6177,-38.54041911678041,-20.570410308055266,-10.84668751502666,Balaštíková,Margita,ANO2011,ANO,1. pol. 2022
6178,31.272046841165835,17.136542137943515,2.4816582115257835,Bartošek,Jan,Spolu,KDU-ČSL,1. pol. 2022
6179,31.499556948151994,17.232773906092763,3.3664310156773887,Benešík,Ondřej,Spolu,KDU-ČSL,1. pol. 2022
6184,-38.666146189407016,-20.51766022855641,-9.713681493108963,Brabec,Richard,ANO2011,ANO,1. pol. 2022
6185,-39.115268806828524,-20.998593891133865,-11.344794775752405,Brázdil,Milan,ANO2011,ANO,1. pol. 2022
6190,-37.67301536262667,-19.84559376295043,-11.17133046516934,Faltýnek,Jaroslav,ANO2011,ANO,1. pol. 2022
6201,-38.90201924692521,-20.798769556264322,-10.378392454882128,Janulík,Miloslav,ANO2011,ANO,1. pol. 2022
6202,-38.56801494218362,-20.847235239306002,-12.474703641413992,Pokorná Jermanová,Jaroslava,ANO2011,ANO,1. pol. 2022
6205,28.97278803139364,15.868151469160605,2.511441039749238,Jurečka,Marian,Spolu,KDU-ČSL,1. pol. 2022
6207,31.192978854164462,16.877854932685526,3.407935440476766,Kaňkovský,Vít,Spolu,KDU-ČSL,1. pol. 2022
6209,-39.853245822103176,-21.5966076296564,-10.514611209843332,Kasal,David,ANO2011,ANO,1. pol. 2022
6211,-37.79962624643323,-20.13688210776727,-9.267795893554363,Kolovratník,Martin,ANO2011,ANO,1. pol. 2022
6214,30.94956996306324,16.887115827083207,3.648425513437914,Kovářová,Věra,Pirati+STAN,STAN,1. pol. 2022
6215,-37.29613127163532,-19.975859025954822,-9.385078382468878,Kubíček,Roman,ANO2011,ANO,1. pol. 2022
6216,30.320235918194406,16.631129760523155,4.215986530242339,Kučera,Michal,Spolu,TOP09,1. pol. 2022
6225,-39.05125144496847,-20.803576592574203,-11.68104386135237,Pastuchová,Jana,ANO2011,ANO,1. pol. 2022
6240,-37.129979327271705,-19.581558132417033,-11.521679290101984,Tureček,Karel,ANO2011,ANO,1. pol. 2022
6246,-36.77571836738702,-19.54502416287573,-8.948166164538733,Kott,Josef,ANO2011,ANO,1. pol. 2022
6254,-39.08669678524524,-20.86398559247789,-11.00183793311972,Adámková,Věra,ANO2011,ANO,1. pol. 2022
6292,31.81654892839343,17.300322158681663,4.989750443888517,Golasowská,Pavla,Spolu,KDU-ČSL,1. pol. 2022
6409,-38.29685183792586,-20.4458343989822,-9.143706226165456,Petrtýl,František,ANO2011,ANO,1. pol. 2022
6418,31.526716693738297,17.096811679080325,4.013894832213397,Skopeček,Jan,Spolu,ODS,1. pol. 2022
6428,-36.46200376173573,-19.227546057444826,-8.0903228840403,Babišová,Andrea,ANO2011,ANO,1. pol. 2022
6430,-38.10400637342051,-20.72030281440128,-10.320660320411731,Dostálová,Klára,ANO2011,ANO,1. pol. 2022
6431,-39.52339611779182,-21.03641643250396,-12.582435889060564,Dražilová,Lenka,ANO2011,ANO,1. pol. 2022
6433,31.625163033050647,17.70134374558115,5.3889908919791845,Bartoš,Ivan,Pirati+STAN,Piráti,1. pol. 2022
6435,31.524124176899335,17.105007092918154,2.9268863659698905,Baxa,Martin,Spolu,ODS,1. pol. 2022
6436,30.533846119714926,16.575409468125272,2.6003398509743496,Beitl,Petr,Spolu,ODS,1. pol. 2022
6437,-38.055119109951086,-20.237425204676,-10.603761800920658,Bělica,Josef,ANO2011,ANO,1. pol. 2022
6438,31.502618597086098,17.266815982157045,4.115199554351516,Blaha,Stanislav,Spolu,ODS,1. pol. 2022
6441,-35.01343836660438,-19.176830675386206,-9.286296863012751,Bžoch,Jaroslav,ANO2011,ANO,1. pol. 2022
6445,-35.53199931183491,-20.788557423433787,15.570515177620374,Dvořák,Jaroslav,Svoboda a prima demokracie - Tomio Okamura,SPD,1. pol. 2022
6447,-37.91977995605667,-20.241133301809725,-9.372205613102993,Farhan,Kamal,ANO2011,ANO,1. pol. 2022
6448,-39.91666248906842,-21.215795243360276,-17.798475549413148,Feranec,Milan,ANO2011,ANO,1. pol. 2022
6451,-38.88888794630744,-20.708998867854792,-11.146714176927084,Fridrich,Stanislav,ANO2011,ANO,1. pol. 2022
6455,-31.822046352055704,-18.087179723466548,17.819957013468635,Hrnčíř,Jan,Svoboda a prima demokracie - Tomio Okamura,SPD,1. pol. 2022
6457,-39.472312266905014,-21.189880557365885,-11.478208454023191,Fialová,Eva,ANO2011,ANO,1. pol. 2022
6458,-37.56187953226255,-19.63233224490864,-10.563689657162252,Jáč,Ivan,ANO2011,ANO,1. pol. 2022
6459,31.39081131996416,16.921318029587685,4.409285247469363,Janda,Jakub,Spolu,ODS,1. pol. 2022
6463,-37.72575860936713,-20.22979596116073,-9.961160411016998,Juchelka,Aleš,ANO2011,ANO,1. pol. 2022
6466,30.327877638636526,16.634570229923977,1.6101781871651604,Krutáková,Jana,Pirati+STAN,STAN,1. pol. 2022
6468,-38.32765645502576,-20.31150867777537,-9.86186523052605,Malá,Taťána,ANO2011,ANO,1. pol. 2022
6469,-33.96065654483472,-19.750957901280763,16.48531261506548,Maříková,Karla,Svoboda a prima demokracie - Tomio Okamura,SPD,1. pol. 2022
6471,-37.95248585959291,-20.38511937938055,-9.01565839799292,Mračková Vildumetzová,Jana,ANO2011,ANO,1. pol. 2022
6473,32.08658368061535,17.594543235574584,4.406896325243126,Richterová,Olga,Pirati+STAN,Piráti,1. pol. 2022
6474,-38.60515875511246,-20.681817935704835,-9.271609327331069,Ožanová,Zuzana,ANO2011,ANO,1. pol. 2022
6475,-39.10669222357187,-20.865813383688515,-11.020610251663536,Oborná,Monika,ANO2011,ANO,1. pol. 2022
6477,31.41776116748578,17.389141056864414,4.122340445727598,Michálek,Jakub,Pirati+STAN,Piráti,1. pol. 2022
6479,-34.15369144322986,-19.763134611465983,16.56969929730408,Šafránková,Lucie,Svoboda a prima demokracie - Tomio Okamura,SPD,1. pol. 2022
6482,31.84508471082452,17.337815361406797,2.8462032172235956,Válek,Vlastimil,Spolu,TOP09,1. pol. 2022
6484,-38.537063017090986,-20.57429520349687,-11.267734198684149,Štolpa,David,ANO2011,ANO,1. pol. 2022
6486,31.529392151473832,17.088235564463183,4.774423782577681,Munzar,Vojtěch,Spolu,ODS,1. pol. 2022
6487,-39.682628290817554,-21.714601842185775,-11.36458239487754,Nacher,Patrik,ANO2011,ANO,1. pol. 2022
6490,-39.21388397104286,-21.10545161843324,-11.913883667761533,Vrána,Petr,ANO2011,ANO,1. pol. 2022
6492,-30.798539491341444,-17.839987888913214,-10.457728296901106,Vondrák,Ivo,ANO2011,Nezařaz,1. pol. 2022
6495,-34.007691718858574,-19.825703686567284,16.43680546579996,Vích,Radovan,Svoboda a prima demokracie - Tomio Okamura,SPD,1. pol. 2022
6500,-38.69743446388356,-20.808321236146377,-11.208180280388694,Richter,Jan,ANO2011,ANO,1. pol. 2022
6503,-33.372696919473015,-19.327793793289636,14.89972697153842,Kobza,Jiří,Svoboda a prima demokracie - Tomio Okamura,SPD,1. pol. 2022
6505,-36.475329390301916,-19.00435294596799,-12.01056445208556,Špičák,Julius,ANO2011,ANO,1. pol. 2022
6506,-38.55081121601979,-20.33958030257957,-11.55447034186574,Kohoutek,Tomáš,ANO2011,ANO,1. pol. 2022
6508,-34.28417113336325,-19.75958319727995,16.29337128052265,Koten,Radek,Svoboda a prima demokracie - Tomio Okamura,SPD,1. pol. 2022
6509,-38.21481461343025,-20.40315232989569,-9.979500591452283,Králíček,Robert,ANO2011,ANO,1. pol. 2022
6510,31.356826682154516,17.126657816201668,3.0538834020441286,Krejza,Karel,Spolu,ODS,1. pol. 2022
6511,-38.88470293483934,-20.681862100037335,-11.769527781561415,Kubík,Jan,ANO2011,ANO,1. pol. 2022
6513,31.12046708491226,16.91569636143499,2.58997473196501,Výborný,Marek,Spolu,KDU-ČSL,1. pol. 2022
6515,-39.45369055996471,-21.005699737519826,-11.350454912766962,Strýček,Jiří,ANO2011,ANO,1. pol. 2022
6518,-38.79108320145182,-20.508689406331484,-11.43838178201569,Sadovský,Petr,ANO2011,ANO,1. pol. 2022
6520,-37.291952809698216,-19.819108915566233,-10.65652060722211,Růžička,Pavel,ANO2011,ANO,1. pol. 2022
6521,-34.0291499002145,-19.700997992915553,16.067736677590208,Rozvoral,Radek,Svoboda a prima demokracie - Tomio Okamura,SPD,1. pol. 2022
6523,-38.63055401550685,-20.529661736287007,-11.12857026694877,Ratiborský,Michal,ANO2011,ANO,1. pol. 2022
6524,33.08914981647034,18.30653592109228,5.7994853809217854,Rakušan,Vít,Pirati+STAN,STAN,1. pol. 2022
6527,-37.496174030417,-19.998134481141864,-9.642579958189149,Pražák,David,ANO2011,ANO,1. pol. 2022
6533,-37.622204190186096,-20.18539806573477,-8.272576872736323,Novák,Marek,ANO2011,ANO,1. pol. 2022
6534,-39.07019392063912,-21.251946926976828,-12.438030110848677,Mašek,Jiří,ANO2011,ANO,1. pol. 2022
6538,31.42345610994183,17.124540212050533,2.952770368720461,Kupka,Martin,Spolu,ODS,1. pol. 2022
6544,-38.207652300158735,-20.08287691805057,-7.794127467445977,Metnar,Lubomír,ANO2011,ANO,1. pol. 2022
6545,-37.99104249736339,-20.20606070371588,-9.739098180563946,Schillerová,Alena,ANO2011,ANO,1. pol. 2022
6555,31.03539978519682,17.012960632958354,3.5344551442615173,Philipp,Tom,Spolu,KDU-ČSL,1. pol. 2022
6621,-38.19709216124107,-20.42065989013576,-10.296555496624704,Havlíček,Karel,ANO2011,ANO,1. pol. 2022
6623,-36.31498909518345,-19.470056929949084,-8.279635917789445,Babka,Ondřej,ANO2011,ANO,1. pol. 2022
6687,31.317601602091738,17.072863982827464,3.2854860145261493,Jakob,Jan,Spolu,TOP09,1. pol. 2022
6719,31.39148314183476,17.113707290493096,3.548785074944684,Bačíková,Jana,Spolu,ODS,1. pol. 2022
6720,30.581297933801075,16.611075872021157,3.6227187331513284,Bělohlávková,Romana,Spolu,KDU-ČSL,1. pol. 2022
6721,31.179003651108527,16.94606845369417,2.055903540377477,Bělor,Roman,Pirati+STAN,STAN,1. pol. 2022
6722,30.05732737369097,16.371406513172076,3.343533524986571,Berki,Jan,Pirati+STAN,STAN,1. pol. 2022
6723,-37.65635324419334,-19.930195196919946,-8.619295609414406,Berkovcová,Jana,ANO2011,ANO,1. pol. 2022
6724,30.93054104034277,16.597365993422073,3.1988153799801924,Bernard,Josef,Pirati+STAN,STAN,1. pol. 2022
6725,-38.661794600869875,-20.712633328977038,-9.63622280973969,Brož,Lubomír,ANO2011,ANO,1. pol. 2022
6726,-34.654225384326246,-19.96720425893349,16.059327541840627,Černý,Oldřich,Svoboda a prima demokracie - Tomio Okamura,SPD,1. pol. 2022
6727,31.875355515622648,17.27883076480654,3.0105049835993345,Decroix,Eva,Spolu,ODS,1. pol. 2022
6728,31.401180423165794,17.037259321697245,3.1408980913742854,Dubský,Tomáš,Pirati+STAN,STAN,1. pol. 2022
6729,31.44544327571322,17.11320960674215,1.8939094577799798,Dufek,Aleš,Spolu,KDU-ČSL,1. pol. 2022
6730,-38.51314974406833,-20.534020132267322,-8.970838719299188,Wenzl,Lubomír,ANO2011,ANO,1. pol. 2022
6732,-38.14887387707654,-20.32258102261602,-10.831506139134712,Mádlová,Ivana,ANO2011,ANO,1. pol. 2022
6733,31.675214867107496,17.143292299006866,4.251945370472866,Major,Martin,Spolu,ODS,1. pol. 2022
6734,31.48410629072435,17.112375986135834,3.3170547265426222,Liška,Petr,Pirati+STAN,STAN,1. pol. 2022
6735,30.19473739002676,16.386854828799876,2.9943987788766244,Kuchař,Jan,Pirati+STAN,STAN,1. pol. 2022
6736,-38.498878661076716,-20.503386027910885,-9.419979410006357,Kukla,Martin,ANO2011,ANO,1. pol. 2022
6737,30.708960174530198,16.60982608218329,2.3587346105688054,Lacina,Jan,Pirati+STAN,STAN,1. pol. 2022
6738,-38.73920627218057,-20.760807929005416,-9.504374921043677,Lang,Hubert,ANO2011,ANO,1. pol. 2022
6739,31.211819006969463,17.016949046633847,3.4719045168092775,Letocha,Petr,Pirati+STAN,STAN,1. pol. 2022
6740,-34.32710605775859,-19.892019918271494,16.159185582386854,Sládeček,Karel,Svoboda a prima demokracie - Tomio Okamura,SPD,1. pol. 2022
6741,31.46112280115843,17.074395803708484,3.2273995189912,Slavík,Jiří,Spolu,TOP09,1. pol. 2022
6742,30.47985051796061,16.445656896251275,3.0949839799945327,Smetana,Karel,Spolu,KDU-ČSL,1. pol. 2022
6743,-37.53258519127777,-20.084834912005526,-8.882440739509793,Stržínek,Robert,ANO2011,ANO,1. pol. 2022
6744,31.78270325862509,17.266320720256488,4.406508462510926,Salvetr,Rudolf,Spolu,ODS,1. pol. 2022
6745,-34.03249077009758,-19.794354577682405,15.959460315658344,Pošarová,Marie,Svoboda a prima demokracie - Tomio Okamura,SPD,1. pol. 2022
6746,31.301377560603616,16.808472241594778,2.72405737382611,Potůčková,Lucie,Pirati+STAN,STAN,1. pol. 2022
6747,31.786452559503246,17.133169525290437,4.852551353383067,Exner,Martin,Pirati+STAN,STAN,1. pol. 2022
6748,30.280154523313442,16.62300610878735,2.0894963290129978,Fifka,Petr,Spolu,ODS,1. pol. 2022
6749,-37.84492048086846,-20.139847795631468,-9.750445324080392,Fischerová,Romana,ANO2011,ANO,1. pol. 2022
6750,30.25707282006758,16.4025824034669,1.6219705904033443,Flek,Josef,Pirati+STAN,STAN,1. pol. 2022
6751,31.36661759342218,16.961682924061055,3.33638039053915,Haas,Karel,Spolu,ODS,1. pol. 2022
6752,31.074235928371742,16.71174845129839,2.6440306106899114,Hájek,Martin,Pirati+STAN,STAN,1. pol. 2022
6753,-39.33620100709108,-21.083571288798915,-11.737922561896548,Hanzlíková,Jana,ANO2011,ANO,1. pol. 2022
6754,31.41952543106573,17.0627149273458,3.0501873509487796,Havel,Matěj Ondřej,Spolu,TOP09,1. pol. 2022
6755,30.992739226311805,16.823912678003584,3.352553216131336,Havránek,Jiří,Spolu,ODS,1. pol. 2022
6756,-38.83961304357851,-20.642006929807977,-9.561292700614912,Helebrant,Tomáš,ANO2011,ANO,1. pol. 2022
6757,31.16485231093177,16.74267871957069,1.8605766789779161,Heller,Šimon,Spolu,KDU-ČSL,1. pol. 2022
6758,-39.173969543402634,-20.943176701028143,-12.913803890246452,Hendrych,Igor,ANO2011,ANO,1. pol. 2022
6759,31.437149389425002,17.0755800472493,3.0972238963143806,Hofmann,Jan,Spolu,ODS,1. pol. 2022
6761,31.23531405604144,16.854344182040023,2.486287374973152,Quittová,Petra,Pirati+STAN,STAN,1. pol. 2022
6762,31.224329695805622,17.080378707603675,3.2543973969684297,Pivoňka Vaňková,Pavla,Pirati+STAN,STAN,1. pol. 2022
6763,31.37680536970589,17.022171713576732,3.0244393659256525,Šebelová,Michaela,Pirati+STAN,STAN,1. pol. 2022
6764,31.60560556088061,17.195229936585196,3.080806990355861,Jílková,Marie,Spolu,KDU-ČSL,1. pol. 2022
6765,31.5232320692348,16.94871341074612,5.431593999208937,Kašník,Pavel,Spolu,ODS,1. pol. 2022
6766,31.607709986089812,17.190551980822004,2.921522242473508,Olšáková,Eliška,Pirati+STAN,STAN,1. pol. 2022
6767,32.28168743406458,17.717370515008966,4.459253085161027,Opltová,Michaela,Pirati+STAN,STAN,1. pol. 2022
6768,31.130726845514708,16.919869952619614,2.6212950044670458,Nový,Miloš,Spolu,TOP09,1. pol. 2022
6769,30.865641593200824,16.78020627757213,2.9722712502069846,Okamura,Hayato,Spolu,KDU-ČSL,1. pol. 2022
6770,-39.183792473480544,-20.8748596917843,-12.039944708488681,Oulehlová,Renata,ANO2011,ANO,1. pol. 2022
6771,31.10531206558682,16.83583783510474,3.381936681044122,Naiclerová,Hana,Pirati+STAN,STAN,1. pol. 2022
6772,31.3807573141049,17.02348052434458,3.0691097360219026,Müller,Tomáš,Pirati+STAN,STAN,1. pol. 2022
6773,-34.78705785080925,-20.12375505156567,16.022865717115813,Kettner,Zdeněk,Svoboda a prima demokracie - Tomio Okamura,SPD,1. pol. 2022
6774,31.65168981435925,17.290964410298358,2.5939167322426635,Klíma,Pavel,Spolu,TOP09,1. pol. 2022
6775,-38.67689184364497,-20.64092555092098,-8.900979179974573,Knechtová,Lenka,ANO2011,ANO,1. pol. 2022
6776,32.09043728746875,17.53042474190647,4.773866951993705,Kocmanová,Klára,Pirati+STAN,Piráti,1. pol. 2022
6777,31.081423289251877,16.9730807343924,3.091552459121479,Kohajda,Michael,Spolu,KDU-ČSL,1. pol. 2022
6778,31.433235054766527,17.000643344941633,2.786608066124101,Ochodnická,Martina,Spolu,TOP09,1. pol. 2022
6779,31.481146126776803,17.2001165024731,2.9141368537364705,Lochman,Ondřej,Pirati+STAN,STAN,1. pol. 2022
6780,-37.38094814804613,-19.88839988924243,-8.354105333931376,Peštová,Berenika,ANO2011,ANO,1. pol. 2022
6781,30.959480881651594,16.744530512167668,3.4334744319895876,Rataj,Michael,Pirati+STAN,STAN,1. pol. 2022
6782,-38.40733096403339,-20.393474073870618,-9.571531881917624,Ryba,Drahoslav,ANO2011,ANO,1. pol. 2022
6783,-34.90753356059243,-20.153783857086406,15.76504553522778,Síla,Jan,Svoboda a prima demokracie - Tomio Okamura,SPD,1. pol. 2022
6784,32.14985485280533,17.501006626030215,4.658535167010107,Šimek,David,Spolu,KDU-ČSL,1. pol. 2022
6785,-34.19817038181432,-19.801263526163716,16.592941620555663,Štefanová,Iveta,Svoboda a prima demokracie - Tomio Okamura,SPD,1. pol. 2022
6786,31.39161550325617,17.17141507668156,2.8599182403280707,Teleky,Róbert,Spolu,KDU-ČSL,1. pol. 2022
6787,31.021944592758093,16.840371026846586,3.187449637077123,Turek,Libor,Spolu,ODS,1. pol. 2022
6788,31.809841993690597,17.388271732370775,3.313427411593217,Urbanová,Barbora,Pirati+STAN,STAN,1. pol. 2022
6789,32.13148082920905,17.633137673739814,3.134769571173145,Vlček,Lukáš,Pirati+STAN,STAN,1. pol. 2022
6790,31.663355662190675,17.148878363061556,4.483153930037117,Voborská,Milada,Pirati+STAN,STAN,1. pol. 2022
6791,31.41869932326984,17.118599135012204,3.6654729653455704,Vojtko,Viktor,Pirati+STAN,STAN,1. pol. 2022
6792,31.682033509016133,17.282338114972077,2.656479102990927,Vomáčka,Vít,Spolu,ODS,1. pol. 2022
6793,31.500928764076164,17.195605898488136,3.005157818263374,Zajíčková,Renáta,Spolu,ODS,1. pol. 2022
6794,30.863003906495948,16.6434390687923,1.884718733989405,Zborovský,Miroslav,Spolu,KDU-ČSL,1. pol. 2022
6795,-33.70833178036787,-19.703785037841335,16.385828026609687,Zlínský,Vladimír,Svoboda a prima demokracie - Tomio Okamura,SPD,1. pol. 2022
6796,31.175638727685193,16.902745130561627,3.4669463865630386,Zuna,Michal,Spolu,TOP09,1. pol. 2022
6797,31.657081109265274,17.35586230106337,3.5936767361234274,Balaš,Vladimír,Pirati+STAN,STAN,1. pol. 2022
6798,30.423011881812297,16.54344120493343,1.4211996431523592,Hájek,Jiří,Pirati+STAN,STAN,1. pol. 2022
6799,31.328361576700413,17.10041708443386,3.0098252203463307,Kolář,Ondřej,Spolu,TOP09,1. pol. 2022
6800,32.06947225517342,17.378654599637887,4.268918522557008,Král,Václav,Spolu,ODS,1. pol. 2022
6801,31.513995143547742,17.095944323028746,3.7631347530868102,Navrátil,Jiří,Spolu,KDU-ČSL,1. pol. 2022
6802,31.216555599556557,16.82759523107414,3.2539817508239577,Svoboda,Pavel,Spolu,TOP09,1. pol. 2022
6803,31.532155158482986,17.00155036505814,3.3720651053537596,Horák,Jiří,Spolu,KDU-ČSL,1. pol. 2022
6804,30.47082464591247,16.495042058275114,5.648623120004534,Němečková Crkvenjaš,Zdenka,Spolu,ODS,1. pol. 2022
6809,32.16215319727092,17.398037662982805,4.674874557664005,Levko,Jarmila,Pirati+STAN,STAN,1. pol. 2022
4,28.184153539902432,15.537311527494905,1.2504903863321095,Benda,Marek,Spolu,ODS,2. pol. 2022
207,-34.136658786050475,-19.752605660984003,14.909008657643811,Bašta,Jaroslav,Svoboda a prima demokracie - Tomio Okamura,SPD,2. pol. 2022
346,30.054687545542336,16.582973324380383,2.840280713125197,Bendl,Petr,Spolu,ODS,2. pol. 2022
5226,29.37163317733688,16.21318949043526,2.673252914547266,Žáček,Pavel,Spolu,ODS,2. pol. 2022
5332,29.48212070297972,16.240764780512862,1.2666962316491408,Tesařík,Antonín,Spolu,KDU-ČSL,2. pol. 2022
5379,30.20052444227437,16.631326438418238,1.0601271527076521,Bauer,Jan,Spolu,ODS,2. pol. 2022
5449,29.39708967646188,16.213771487141102,1.2667707209963956,Carbol,Jiří,Spolu,KDU-ČSL,2. pol. 2022
5459,-34.01137718058915,-19.714428424145904,18.02467229282066,Fiala,Radim,Svoboda a prima demokracie - Tomio Okamura,SPD,2. pol. 2022
5477,-34.476465864068096,-19.737522075932716,14.898179096178104,Lesenská,Vladimíra,Svoboda a prima demokracie - Tomio Okamura,SPD,2. pol. 2022
5700,28.875209026629562,15.87509714938406,0.04881216493328141,Adamec,Ivan,Spolu,ODS,2. pol. 2022
5899,28.964238219747788,16.025091606575728,1.417632244515223,Bureš,Jan,Spolu,ODS,2. pol. 2022
5901,29.461693035326494,16.241400595463436,1.7559595886627632,Cogan,Josef,Pirati+STAN,STAN,2. pol. 2022
5903,28.509288602591482,15.527159166750458,2.0839059939980094,Černochová,Jana,Spolu,ODS,2. pol. 2022
5911,-35.238064565315376,-20.21751861011552,16.808814502315524,Foldyna,Jaroslav,Svoboda a prima demokracie - Tomio Okamura,SPD,2. pol. 2022
5914,28.552526435426515,15.86902923334964,0.7483029152896319,Gazdík,Petr,Pirati+STAN,STAN,2. pol. 2022
5943,28.905932296057596,16.02350517547964,1.9555050034930794,Langšádlová,Helena,Spolu,TOP09,2. pol. 2022
5968,29.313798485477417,16.090324573178584,1.5760063629439296,Staněk,Pavel,Spolu,ODS,2. pol. 2022
5969,29.640817664505896,16.29094444659825,1.9441683826809846,Stanjura,Zbyněk,Spolu,ODS,2. pol. 2022
6007,29.38814768866519,16.123919761087365,1.1187897885306604,Svoboda,Bohuslav,Spolu,ODS,2. pol. 2022
6074,29.110405536792836,15.951508893753438,0.26948129799886755,Fiala,Petr,Spolu,ODS,2. pol. 2022
6079,27.725090199940276,15.380557794642105,1.1912613039708975,Blažek,Pavel,Spolu,ODS,2. pol. 2022
6105,-34.9562875567004,-20.09138600520788,14.79177026112101,Okamura,Tomio,Svoboda a prima demokracie - Tomio Okamura,SPD,2. pol. 2022
6138,28.693412948045093,15.81128517338375,0.976635347445941,Bělobrádek,Pavel,Spolu,KDU-ČSL,2. pol. 2022
6143,-36.695428961182614,-20.006612691919546,-6.11164778541151,Berkovec,Stanislav,ANO2011,ANO,2. pol. 2022
6147,28.39428218692484,15.60406732050781,0.382645448582831,Pekarová Adamová,Markéta,Spolu,TOP09,2. pol. 2022
6154,28.628037302995466,15.927081574010238,4.375781331127889,Ženíšek,Marek,Spolu,TOP09,2. pol. 2022
6158,-36.92351008126922,-20.261360587697325,-6.248750052206198,Rais,Karel,ANO2011,ANO,2. pol. 2022
6165,-33.28872928154766,-17.70710707597041,-7.194031984759329,Vondráček,Radek,ANO2011,ANO,2. pol. 2022
6166,-34.69445828431313,-19.062329201899257,-5.408815436976945,Volný,Jan,ANO2011,ANO,2. pol. 2022
6168,-35.64033194553231,-19.68374205920788,-4.241330764634391,Válková,Helena,ANO2011,ANO,2. pol. 2022
6172,-37.05453708139148,-20.36911489279673,-5.918744717538274,Okleštěk,Ladislav,ANO2011,ANO,2. pol. 2022
6176,29.556361781185725,16.315619296416358,1.1549669995475627,Nováková,Nina,Spolu,KDU-ČSL,2. pol. 2022
6177,-37.02009735142093,-20.356373668949907,-4.579356758134096,Balaštíková,Margita,ANO2011,ANO,2. pol. 2022
6178,28.27057050629849,15.76831173878559,-0.38768151890833524,Bartošek,Jan,Spolu,KDU-ČSL,2. pol. 2022
6179,29.096585022708283,15.956828808250348,-0.4098105524494386,Benešík,Ondřej,Spolu,KDU-ČSL,2. pol. 2022
6184,-35.9359330258474,-19.62185063652376,-5.956102976552671,Brabec,Richard,ANO2011,ANO,2. pol. 2022
6185,-37.727629501811535,-20.56971549316547,-6.926383822850774,Brázdil,Milan,ANO2011,ANO,2. pol. 2022
6190,-36.449673744127416,-19.965142366449314,-9.096028178540694,Faltýnek,Jaroslav,ANO2011,ANO,2. pol. 2022
6201,-36.895106111584184,-20.152666928283598,-8.674035180585546,Janulík,Miloslav,ANO2011,ANO,2. pol. 2022
6202,-36.807006763413305,-20.26650166098,-4.390444983229807,Pokorná Jermanová,Jaroslava,ANO2011,ANO,2. pol. 2022
6205,29.003036066809106,16.164021381600715,0.8289055111786006,Jurečka,Marian,Spolu,KDU-ČSL,2. pol. 2022
6207,29.38496278405125,16.146805409562106,0.9300889114343948,Kaňkovský,Vít,Spolu,KDU-ČSL,2. pol. 2022
6209,-39.0541387299499,-21.102002394742264,-1.739056008608672,Kasal,David,ANO2011,ANO,2. pol. 2022
6211,-35.853931479625004,-19.386321853072726,-4.892707852242273,Kolovratník,Martin,ANO2011,ANO,2. pol. 2022
6214,29.31590306981709,16.26882241666836,1.4667565860778857,Kovářová,Věra,Pirati+STAN,STAN,2. pol. 2022
6215,-36.14750515205534,-19.555679689034758,-7.40917276823088,Kubíček,Roman,ANO2011,ANO,2. pol. 2022
6216,28.98867967799517,15.982798713416216,2.799541412424933,Kučera,Michal,Spolu,TOP09,2. pol. 2022
6225,-36.849031432596995,-20.11130790205191,-7.839335085678816,Pastuchová,Jana,ANO2011,ANO,2. pol. 2022
6240,-35.79465241214322,-19.684317884732156,-4.981971960420818,Tureček,Karel,ANO2011,ANO,2. pol. 2022
6246,-35.53089343852213,-19.187231693385165,-7.8951120327875834,Kott,Josef,ANO2011,ANO,2. pol. 2022
6254,-36.99558124890608,-20.15185175301199,-8.22535371279978,Adámková,Věra,ANO2011,ANO,2. pol. 2022
6292,30.007513064933832,16.576791329179557,0.5478183865730795,Golasowská,Pavla,Spolu,KDU-ČSL,2. pol. 2022
6409,-36.229888299768426,-19.617193157141223,-7.520061031533772,Petrtýl,František,ANO2011,ANO,2. pol. 2022
6418,29.34681164596262,16.243082999156528,2.7017810243184526,Skopeček,Jan,Spolu,ODS,2. pol. 2022
6428,-36.157207408267006,-19.696525007175644,-12.834533372031386,Babišová,Andrea,ANO2011,ANO,2. pol. 2022
6430,-37.124043976460655,-20.35702034369709,-7.737762693860822,Dostálová,Klára,ANO2011,ANO,2. pol. 2022
6431,-37.1191486121332,-19.9885720693821,-10.986972824999716,Dražilová,Lenka,ANO2011,ANO,2. pol. 2022
6433,28.548913051961712,15.961164845383058,-1.3315694049156308,Bartoš,Ivan,Pirati+STAN,Piráti,2. pol. 2022
6435,28.77990422325621,15.818822397043844,2.0429446418591812,Baxa,Martin,Spolu,ODS,2. pol. 2022
6436,28.73257701956912,15.76364119288067,2.5658370331375218,Beitl,Petr,Spolu,ODS,2. pol. 2022
6437,-35.178972180039594,-19.417840728298728,-5.914261275426463,Bělica,Josef,ANO2011,ANO,2. pol. 2022
6438,30.177170594004,16.722411261920648,-0.06739845286794563,Blaha,Stanislav,Spolu,ODS,2. pol. 2022
6441,-33.74441008713369,-18.446912857964797,-10.624878874926111,Bžoch,Jaroslav,ANO2011,ANO,2. pol. 2022
6445,-35.006174860430036,-20.013969685952613,14.558049540775576,Dvořák,Jaroslav,Svoboda a prima demokracie - Tomio Okamura,SPD,2. pol. 2022
6447,-37.23140561430778,-20.335932728507707,-7.247586656209031,Farhan,Kamal,ANO2011,ANO,2. pol. 2022
6448,-36.43526468680416,-19.785357804713513,-8.498934109290852,Feranec,Milan,ANO2011,ANO,2. pol. 2022
6451,-34.84619715236294,-18.83754521119142,-4.932508957622046,Fridrich,Stanislav,ANO2011,ANO,2. pol. 2022
6455,-34.892246319553976,-20.100957882560355,14.458139445624836,Hrnčíř,Jan,Svoboda a prima demokracie - Tomio Okamura,SPD,2. pol. 2022
6457,-37.2772547732562,-20.423550368632917,-5.239605626985135,Fialová,Eva,ANO2011,ANO,2. pol. 2022
6458,-37.383917424872514,-20.342397655704424,-7.620742258476045,Jáč,Ivan,ANO2011,ANO,2. pol. 2022
6459,29.545440998973437,16.321016913650077,1.445909063636586,Janda,Jakub,Spolu,ODS,2. pol. 2022
6463,-35.22106510444704,-19.24198557353269,-8.257317440055115,Juchelka,Aleš,ANO2011,ANO,2. pol. 2022
6466,29.99593257381048,16.560424906263048,-0.8990608758843007,Krutáková,Jana,Pirati+STAN,STAN,2. pol. 2022
6468,-36.695272513337,-19.927193523963957,-5.48017176974113,Malá,Taťána,ANO2011,ANO,2. pol. 2022
6469,-34.835629775984096,-19.932317250757183,14.791946438588335,Maříková,Karla,Svoboda a prima demokracie - Tomio Okamura,SPD,2. pol. 2022
6471,-37.4168143121428,-20.46920657248254,-7.974605940577344,Mračková Vildumetzová,Jana,ANO2011,ANO,2. pol. 2022
6473,29.28200444006873,16.340872934107335,1.3316580265521567,Richterová,Olga,Pirati+STAN,Piráti,2. pol. 2022
6474,-37.13768551414225,-20.283884781321404,-5.354049532359233,Ožanová,Zuzana,ANO2011,ANO,2. pol. 2022
6475,-37.38311937576709,-20.45661729810715,-8.919165561483842,Oborná,Monika,ANO2011,ANO,2. pol. 2022
6477,29.290897616595267,16.439947610350877,2.2142895122844894,Michálek,Jakub,Pirati+STAN,Piráti,2. pol. 2022
6479,-34.97300697343638,-20.038475104112297,14.5960889540568,Šafránková,Lucie,Svoboda a prima demokracie - Tomio Okamura,SPD,2. pol. 2022
6482,29.46465674220217,16.121732357211762,0.16439077770176874,Válek,Vlastimil,Spolu,TOP09,2. pol. 2022
6484,-37.000231479064944,-20.161187054253137,-8.09457356817832,Štolpa,David,ANO2011,ANO,2. pol. 2022
6486,30.7446661400788,16.822446600927645,1.8089602249528296,Munzar,Vojtěch,Spolu,ODS,2. pol. 2022
6487,-37.07429038070231,-20.52932987013907,-0.7772716503949544,Nacher,Patrik,ANO2011,ANO,2. pol. 2022
6490,-37.56730052680083,-20.579083461468308,-7.311681728076316,Vrána,Petr,ANO2011,ANO,2. pol. 2022
6492,-28.766810719376522,-17.417915229342736,-3.560554436811498,Vondrák,Ivo,ANO2011,Nezařaz,2. pol. 2022
6495,-35.29455955204481,-20.073158663087355,15.377889507614473,Vích,Radovan,Svoboda a prima demokracie - Tomio Okamura,SPD,2. pol. 2022
6500,-36.632094932521,-19.770202111512674,-9.274678369037641,Richter,Jan,ANO2011,ANO,2. pol. 2022
6503,-34.38796128137251,-19.564072477498744,15.342780051780453,Kobza,Jiří,Svoboda a prima demokracie - Tomio Okamura,SPD,2. pol. 2022
6505,-35.31206692385159,-19.344966072672154,-5.734032646765134,Špičák,Julius,ANO2011,ANO,2. pol. 2022
6506,-35.95406487359548,-19.575634162021345,-7.23381251122803,Kohoutek,Tomáš,ANO2011,ANO,2. pol. 2022
6508,-33.11858293981071,-18.862673340482488,15.2851707878578,Koten,Radek,Svoboda a prima demokracie - Tomio Okamura,SPD,2. pol. 2022
6509,-36.10214829993973,-19.501120916277234,-7.983153176879779,Králíček,Robert,ANO2011,ANO,2. pol. 2022
6510,29.328442303162394,16.305942523154933,0.977277251109452,Krejza,Karel,Spolu,ODS,2. pol. 2022
6511,-37.93015957861483,-20.676525954247776,-5.670836111246493,Kubík,Jan,ANO2011,ANO,2. pol. 2022
6513,29.444953567538676,16.27220740718522,1.8456893562391672,Výborný,Marek,Spolu,KDU-ČSL,2. pol. 2022
6515,-37.497638378546014,-20.416072339222225,-7.026309942351542,Strýček,Jiří,ANO2011,ANO,2. pol. 2022
6518,-37.412973118320295,-20.317378566359967,-7.24915052210624,Sadovský,Petr,ANO2011,ANO,2. pol. 2022
6520,-36.461699146054,-19.911192092855973,-7.453936247187718,Růžička,Pavel,ANO2011,ANO,2. pol. 2022
6521,-34.47247172961739,-19.70978809832575,14.426883558450411,Rozvoral,Radek,Svoboda a prima demokracie - Tomio Okamura,SPD,2. pol. 2022
6523,-36.275117855418756,-19.788337562664772,-6.715477922015441,Ratiborský,Michal,ANO2011,ANO,2. pol. 2022
6524,29.522185184871294,16.56445116370109,-0.6524295479337718,Rakušan,Vít,Pirati+STAN,STAN,2. pol. 2022
6527,-34.935713324533005,-18.87289749098089,-7.806118721700732,Pražák,David,ANO2011,ANO,2. pol. 2022
6533,-35.41785344088757,-19.27828832711659,-5.009662900502882,Novák,Marek,ANO2011,ANO,2. pol. 2022
6534,-37.21487621905103,-20.227297287002393,-7.408687048253173,Mašek,Jiří,ANO2011,ANO,2. pol. 2022
6538,29.974598979366363,16.514416245703032,2.4747217656557776,Kupka,Martin,Spolu,ODS,2. pol. 2022
6544,-36.55108517349911,-19.887819609468863,-5.214061416194602,Metnar,Lubomír,ANO2011,ANO,2. pol. 2022
6545,-36.953907189334174,-20.197936434549835,-6.699216356582694,Schillerová,Alena,ANO2011,ANO,2. pol. 2022
6555,29.08911759131641,16.032518328906516,1.4065558064381976,Philipp,Tom,Spolu,KDU-ČSL,2. pol. 2022
6621,-36.67711851340351,-20.030499503418387,-5.602783055261803,Havlíček,Karel,ANO2011,ANO,2. pol. 2022
6623,-34.580153887325075,-18.7481535948285,-8.015566949300887,Babka,Ondřej,ANO2011,ANO,2. pol. 2022
6687,29.547609672850964,16.308012602498913,1.9192119663676426,Jakob,Jan,Spolu,TOP09,2. pol. 2022
6719,29.19752507525776,16.075823250263667,2.0966309065930577,Bačíková,Jana,Spolu,ODS,2. pol. 2022
6720,28.73161671809906,15.70002874224295,1.3875939006987792,Bělohlávková,Romana,Spolu,KDU-ČSL,2. pol. 2022
6721,28.64834253821383,15.795526137444032,2.73892981543499,Bělor,Roman,Pirati+STAN,STAN,2. pol. 2022
6722,28.590227701776648,15.66582394933504,1.0520905993688707,Berki,Jan,Pirati+STAN,STAN,2. pol. 2022
6723,-36.15513603632435,-19.797693807720798,-5.465350850417131,Berkovcová,Jana,ANO2011,ANO,2. pol. 2022
6724,29.19746877578187,16.303688707270734,0.49475775972380265,Bernard,Josef,Pirati+STAN,STAN,2. pol. 2022
6725,-37.199702010842046,-20.25997830219968,-7.198407483933513,Brož,Lubomír,ANO2011,ANO,2. pol. 2022
6726,-34.46881819783397,-19.63819677854164,14.35498192590796,Černý,Oldřich,Svoboda a prima demokracie - Tomio Okamura,SPD,2. pol. 2022
6727,29.5538276640242,16.36827727287892,0.43840634498565495,Decroix,Eva,Spolu,ODS,2. pol. 2022
6728,29.533582438123343,16.353681620536552,0.880582853704185,Dubský,Tomáš,Pirati+STAN,STAN,2. pol. 2022
6729,29.110239772063867,16.169338818145402,0.9518703886079121,Dufek,Aleš,Spolu,KDU-ČSL,2. pol. 2022
6730,-36.66066271454623,-19.861251689607105,-8.141615405442787,Wenzl,Lubomír,ANO2011,ANO,2. pol. 2022
6732,-35.13996086335727,-18.85273397262648,-9.335271415924144,Mádlová,Ivana,ANO2011,ANO,2. pol. 2022
6733,29.66512311536238,16.300910851974585,1.429714801434548,Major,Martin,Spolu,ODS,2. pol. 2022
6734,28.963960696682165,15.931198384294573,0.8045219495991147,Liška,Petr,Pirati+STAN,STAN,2. pol. 2022
6735,27.31303920772105,15.110318756309448,1.9673865164900555,Kuchař,Jan,Pirati+STAN,STAN,2. pol. 2022
6736,-36.98968742784661,-20.252113891724196,-6.3991743381021635,Kukla,Martin,ANO2011,ANO,2. pol. 2022
6737,29.256266820289216,16.181766704192707,0.9862667066064262,Lacina,Jan,Pirati+STAN,STAN,2. pol. 2022
6738,-37.21759903234754,-20.32838025818689,-6.854914336315259,Lang,Hubert,ANO2011,ANO,2. pol. 2022
6739,29.375631934242165,16.1046942925721,0.652952896916997,Letocha,Petr,Pirati+STAN,STAN,2. pol. 2022
6740,-34.97503977275918,-19.93214151928566,14.832669434386505,Sládeček,Karel,Svoboda a prima demokracie - Tomio Okamura,SPD,2. pol. 2022
6741,29.18246260127557,16.151943173281587,1.2720242850191785,Slavík,Jiří,Spolu,TOP09,2. pol. 2022
6742,29.087507356002707,16.06182879850403,1.1874399575833134,Smetana,Karel,Spolu,KDU-ČSL,2. pol. 2022
6743,-37.39171384780879,-20.33459407016419,-4.713658807828483,Stržínek,Robert,ANO2011,ANO,2. pol. 2022
6744,29.24319988717929,16.08277987347602,1.3980311871897086,Salvetr,Rudolf,Spolu,ODS,2. pol. 2022
6745,-33.868179247961386,-19.265014802470088,15.66363951533973,Pošarová,Marie,Svoboda a prima demokracie - Tomio Okamura,SPD,2. pol. 2022
6746,28.36649997705827,15.530312771144477,2.959737561409737,Potůčková,Lucie,Pirati+STAN,STAN,2. pol. 2022
6747,28.511852100772135,15.551522490449118,1.2223741817887814,Exner,Martin,Pirati+STAN,STAN,2. pol. 2022
6748,28.883342043544207,15.944698391796138,0.7906119960626757,Fifka,Petr,Spolu,ODS,2. pol. 2022
6749,-37.381228114214544,-20.37372307060036,-5.32380672458644,Fischerová,Romana,ANO2011,ANO,2. pol. 2022
6750,27.857217223716937,15.265533806178883,0.9786625273178772,Flek,Josef,Pirati+STAN,STAN,2. pol. 2022
6751,29.630960984780327,16.313499077602113,2.304145499762053,Haas,Karel,Spolu,ODS,2. pol. 2022
6752,29.66774777462332,16.422346434619115,3.093174946053726,Hájek,Martin,Pirati+STAN,STAN,2. pol. 2022
6753,-37.44940524203644,-20.551815883564483,-5.027203585724011,Hanzlíková,Jana,ANO2011,ANO,2. pol. 2022
6754,29.617538171317026,16.374326669117742,1.7081579928510882,Havel,Matěj Ondřej,Spolu,TOP09,2. pol. 2022
6755,29.493014079341776,16.383618820637203,1.931237412269886,Havránek,Jiří,Spolu,ODS,2. pol. 2022
6756,-37.43969232972487,-20.367634590243163,-6.325074298103623,Helebrant,Tomáš,ANO2011,ANO,2. pol. 2022
6757,29.056455762834325,16.115375302810417,0.48833341184275136,Heller,Šimon,Spolu,KDU-ČSL,2. pol. 2022
6758,-36.23180463316236,-19.791157746525208,-5.273063995243041,Hendrych,Igor,ANO2011,ANO,2. pol. 2022
6759,28.968324947572036,15.905234175748882,2.5221377297521865,Hofmann,Jan,Spolu,ODS,2. pol. 2022
6761,29.064942667579533,16.11552850346754,2.5342633507400896,Quittová,Petra,Pirati+STAN,STAN,2. pol. 2022
6762,29.385332927531508,16.163808841266277,-0.9172470456009982,Pivoňka Vaňková,Pavla,Pirati+STAN,STAN,2. pol. 2022
6763,29.717235278194423,16.241950790283195,2.269071292844538,Šebelová,Michaela,Pirati+STAN,STAN,2. pol. 2022
6764,29.05082767293615,15.925829532796591,1.5844171279353396,Jílková,Marie,Spolu,KDU-ČSL,2. pol. 2022
6765,29.844106807545202,16.6026378707228,2.1444428811958964,Kašník,Pavel,Spolu,ODS,2. pol. 2022
6766,29.47337138374989,16.313935908683,1.0417504372644408,Olšáková,Eliška,Pirati+STAN,STAN,2. pol. 2022
6767,29.40591898533179,16.289541434813028,2.4392078436113485,Opltová,Michaela,Pirati+STAN,STAN,2. pol. 2022
6768,29.30408381345833,16.142035550568355,1.7126333445292878,Nový,Miloš,Spolu,TOP09,2. pol. 2022
6769,29.710808037684707,16.378913883831746,1.483613300715503,Okamura,Hayato,Spolu,KDU-ČSL,2. pol. 2022
6770,-36.988729232636,-20.046088845739195,-9.976890079546358,Oulehlová,Renata,ANO2011,ANO,2. pol. 2022
6771,29.587640074287656,16.3262414126323,1.3194877226738566,Naiclerová,Hana,Pirati+STAN,STAN,2. pol. 2022
6772,29.432970895734403,16.170949742435084,1.1331564598896957,Müller,Tomáš,Pirati+STAN,STAN,2. pol. 2022
6773,-33.09803168786366,-19.121907812252616,14.343210889317609,Kettner,Zdeněk,Svoboda a prima demokracie - Tomio Okamura,SPD,2. pol. 2022
6774,29.003629265905065,15.886423624587028,2.657991454765226,Klíma,Pavel,Spolu,TOP09,2. pol. 2022
6775,-37.08746314676957,-20.245273931340687,-7.331507625540402,Knechtová,Lenka,ANO2011,ANO,2. pol. 2022
6776,29.328155603548485,16.36257267256164,2.2599285180930027,Kocmanová,Klára,Pirati+STAN,Piráti,2. pol. 2022
6777,29.42289153498452,16.110649484412573,1.4472701638920094,Kohajda,Michael,Spolu,KDU-ČSL,2. pol. 2022
6778,29.44335023347319,16.25313099546362,1.922506300440314,Ochodnická,Martina,Spolu,TOP09,2. pol. 2022
6779,29.306091362951854,16.142228493171203,2.1869860267771704,Lochman,Ondřej,Pirati+STAN,STAN,2. pol. 2022
6780,-37.03740237459912,-20.45897697646093,-4.559567807936468,Peštová,Berenika,ANO2011,ANO,2. pol. 2022
6781,29.412368426104045,16.143422977427058,1.3177456288037834,Rataj,Michael,Pirati+STAN,STAN,2. pol. 2022
6782,-36.94901786811427,-20.1571465118108,-6.492880203932317,Ryba,Drahoslav,ANO2011,ANO,2. pol. 2022
6783,-34.427573804070356,-19.756049467167625,15.35255405740398,Síla,Jan,Svoboda a prima demokracie - Tomio Okamura,SPD,2. pol. 2022
6784,29.258398043577404,16.259940480371718,1.7568831850046518,Šimek,David,Spolu,KDU-ČSL,2. pol. 2022
6785,-35.82118405268878,-20.29456608674407,14.692370905702063,Štefanová,Iveta,Svoboda a prima demokracie - Tomio Okamura,SPD,2. pol. 2022
6786,29.81168406469851,16.435820025745823,0.8907597669369509,Teleky,Róbert,Spolu,KDU-ČSL,2. pol. 2022
6787,29.342128724624004,16.147644733773227,1.4709523412400975,Turek,Libor,Spolu,ODS,2. pol. 2022
6788,29.12211987081842,16.098608167391546,3.1812061709817416,Urbanová,Barbora,Pirati+STAN,STAN,2. pol. 2022
6789,29.417468845546097,16.321153869095617,0.4078539820555391,Vlček,Lukáš,Pirati+STAN,STAN,2. pol. 2022
6790,28.90794373538304,16.01549108317312,0.8576117752967998,Voborská,Milada,Pirati+STAN,STAN,2. pol. 2022
6791,29.0083142202332,15.980117613030597,0.3047483333815113,Vojtko,Viktor,Pirati+STAN,STAN,2. pol. 2022
6792,29.515187790955217,16.26081300469046,1.5764844809096046,Vomáčka,Vít,Spolu,ODS,2. pol. 2022
6793,28.93005401106564,15.913791781623246,1.6062866001968763,Zajíčková,Renáta,Spolu,ODS,2. pol. 2022
6794,29.23590145891985,16.12468575899407,2.3525188510608372,Zborovský,Miroslav,Spolu,KDU-ČSL,2. pol. 2022
6795,-33.978677992467446,-19.474622718162163,15.699657768457632,Zlínský,Vladimír,Svoboda a prima demokracie - Tomio Okamura,SPD,2. pol. 2022
6796,29.265673801129267,16.1431787037356,1.0727713005950599,Zuna,Michal,Spolu,TOP09,2. pol. 2022
6797,28.533374108259565,15.570613119046477,-2.7855357268661094,Balaš,Vladimír,Pirati+STAN,STAN,2. pol. 2022
6798,29.17406201940572,15.994803298038782,3.1520472884193707,Hájek,Jiří,Pirati+STAN,STAN,2. pol. 2022
6799,29.721264765457022,16.40995918125062,1.9049050399493936,Kolář,Ondřej,Spolu,TOP09,2. pol. 2022
6800,29.092634611248506,15.990604691444274,-0.17136168620185172,Král,Václav,Spolu,ODS,2. pol. 2022
6801,29.705967353662764,16.380164578746395,3.1616974444856436,Navrátil,Jiří,Spolu,KDU-ČSL,2. pol. 2022
6802,29.425473187371995,16.199293611163416,2.9443680825047487,Svoboda,Pavel,Spolu,TOP09,2. pol. 2022
6803,29.197250692402893,16.044001548840857,1.4456158313920529,Horák,Jiří,Spolu,KDU-ČSL,2. pol. 2022
6804,29.86293201135974,16.441487479063554,1.6277001826316069,Němečková Crkvenjaš,Zdenka,Spolu,ODS,2. pol. 2022
6809,29.030600065756893,15.841723666319487,2.6587133844295425,Levko,Jarmila,Pirati+STAN,STAN,2. pol. 2022
4,29.898137698797218,15.996878624953373,6.774650653143116,Benda,Marek,Spolu,ODS,1. pol. 2023
207,-38.312453665371855,-21.71074931147849,14.859945983042833,Bašta,Jaroslav,Svoboda a prima demokracie - Tomio Okamura,SPD,1. pol. 2023
346,29.712018394119625,16.424143704891026,-1.6084743453384174,Bendl,Petr,Spolu,ODS,1. pol. 2023
5226,29.413650258607667,16.033570838488693,-2.792844795566744,Žáček,Pavel,Spolu,ODS,1. pol. 2023
5332,29.93649116585027,16.43983940050577,-3.4230847299369027,Tesařík,Antonín,Spolu,KDU-ČSL,1. pol. 2023
5379,29.80287490918332,16.297785557882804,-4.581098160439516,Bauer,Jan,Spolu,ODS,1. pol. 2023
5449,29.652623442765112,16.292696092686175,-3.327293881785729,Carbol,Jiří,Spolu,KDU-ČSL,1. pol. 2023
5459,-38.23054632604953,-21.58917417845675,18.902570953445476,Fiala,Radim,Svoboda a prima demokracie - Tomio Okamura,SPD,1. pol. 2023
5477,-38.10104402860472,-21.50691166083171,14.498121597665707,Lesenská,Vladimíra,Svoboda a prima demokracie - Tomio Okamura,SPD,1. pol. 2023
5700,29.840605371406966,16.42963422847106,-1.7115813491989778,Adamec,Ivan,Spolu,ODS,1. pol. 2023
5899,29.13240968158118,16.095483585755808,-4.30808612324563,Bureš,Jan,Spolu,ODS,1. pol. 2023
5901,29.78188331905092,16.389130839863437,-2.0137561209478236,Cogan,Josef,Pirati+STAN,STAN,1. pol. 2023
5903,31.584978566455575,17.151691676470755,6.49199586314403,Černochová,Jana,Spolu,ODS,1. pol. 2023
5911,-38.430545501413405,-21.75355096242502,17.291420552900878,Foldyna,Jaroslav,Svoboda a prima demokracie - Tomio Okamura,SPD,1. pol. 2023
5914,29.508580593718733,16.403102064996013,-4.6224080736963895,Gazdík,Petr,Pirati+STAN,STAN,1. pol. 2023
5943,29.861412013048266,16.585742956025104,-2.8456309316795374,Langšádlová,Helena,Spolu,TOP09,1. pol. 2023
5968,29.706936931059598,16.374069529038163,-4.899262300663673,Staněk,Pavel,Spolu,ODS,1. pol. 2023
5969,30.035959552615502,16.58831829421245,-5.755046053799933,Stanjura,Zbyněk,Spolu,ODS,1. pol. 2023
6007,28.72928840350887,15.918548454325107,-4.926506649880815,Svoboda,Bohuslav,Spolu,ODS,1. pol. 2023
6074,29.425663295569446,16.37680727985133,-6.72021121213998,Fiala,Petr,Spolu,ODS,1. pol. 2023
6079,28.499702797974575,15.724573515141378,-5.99927979586727,Blažek,Pavel,Spolu,ODS,1. pol. 2023
6105,-38.078680117893455,-21.448788730416837,15.227207888098345,Okamura,Tomio,Svoboda a prima demokracie - Tomio Okamura,SPD,1. pol. 2023
6138,29.07988084221222,15.94763912419694,-3.3408519309537987,Bělobrádek,Pavel,Spolu,KDU-ČSL,1. pol. 2023
6143,-38.615337428218766,-21.19792282753093,2.0357994420374528,Berkovec,Stanislav,ANO2011,ANO,1. pol. 2023
6147,30.09294704589931,16.790856918252643,-4.4358480623947925,Pekarová Adamová,Markéta,Spolu,TOP09,1. pol. 2023
6150,-37.31725675892176,-20.674210193621445,6.338691730475353,Babiš,Andrej,ANO2011,ANO,1. pol. 2023
6154,29.87844358148524,16.463249233662843,-3.641579613836798,Ženíšek,Marek,Spolu,TOP09,1. pol. 2023
6158,-36.850363078192665,-19.58508401777226,-13.178219205252281,Rais,Karel,ANO2011,ANO,1. pol. 2023
6165,-32.37175266361076,-17.77431799653426,5.484762981540559,Vondráček,Radek,ANO2011,ANO,1. pol. 2023
6166,-34.33529924710435,-18.8733944857667,4.613370055895958,Volný,Jan,ANO2011,ANO,1. pol. 2023
6168,-37.0218222360057,-20.19292207374865,1.6542056535989327,Válková,Helena,ANO2011,ANO,1. pol. 2023
6172,-38.410348415449484,-21.09583588770105,1.6547199471565899,Okleštěk,Ladislav,ANO2011,ANO,1. pol. 2023
6176,29.309307445861872,16.150070284624658,-3.0259981463133223,Nováková,Nina,Spolu,KDU-ČSL,1. pol. 2023
6177,-38.08969340390362,-20.93323244737912,3.2095079572282508,Balaštíková,Margita,ANO2011,ANO,1. pol. 2023
6178,29.44312082085027,15.776191133482655,8.103258930313517,Bartošek,Jan,Spolu,KDU-ČSL,1. pol. 2023
6179,29.237701810228927,16.187513340370014,-4.625594338961024,Benešík,Ondřej,Spolu,KDU-ČSL,1. pol. 2023
6184,-36.586155576112155,-20.24081006575855,5.1731752388981365,Brabec,Richard,ANO2011,ANO,1. pol. 2023
6185,-37.96541726647744,-20.316660638740206,-10.587256062601039,Brázdil,Milan,ANO2011,ANO,1. pol. 2023
6190,-37.64837364775226,-20.10822710975653,-10.753405072620202,Faltýnek,Jaroslav,ANO2011,ANO,1. pol. 2023
6201,-36.74316411268089,-19.491148156256465,-13.468292613313817,Janulík,Miloslav,ANO2011,ANO,1. pol. 2023
6202,-37.86879751883034,-21.173387624772683,4.57494885438323,Pokorná Jermanová,Jaroslava,ANO2011,ANO,1. pol. 2023
6205,28.990451530041145,16.041481473074935,-4.952851094998738,Jurečka,Marian,Spolu,KDU-ČSL,1. pol. 2023
6207,29.616643367683004,16.389886715541486,-2.479023458604891,Kaňkovský,Vít,Spolu,KDU-ČSL,1. pol. 2023
6209,-39.07470979873859,-21.89062546668425,8.63046570006886,Kasal,David,ANO2011,ANO,1. pol. 2023
6211,-35.8923268695545,-19.215118365733872,-12.475975042735366,Kolovratník,Martin,ANO2011,ANO,1. pol. 2023
6214,29.238443774541807,16.20796464757547,-3.6286804292878263,Kovářová,Věra,Pirati+STAN,STAN,1. pol. 2023
6215,-37.91538970872164,-20.816116116873477,2.876006393976547,Kubíček,Roman,ANO2011,ANO,1. pol. 2023
6216,29.626079296041446,16.355533087709894,-3.5634475244041335,Kučera,Michal,Spolu,TOP09,1. pol. 2023
6225,-38.40109972237314,-21.207041105387912,4.139080475751708,Pastuchová,Jana,ANO2011,ANO,1. pol. 2023
6240,-35.24041861668979,-19.11139697693539,-5.675949542326825,Tureček,Karel,ANO2011,ANO,1. pol. 2023
6246,-36.384636403099556,-19.976511191243777,2.9150670037455986,Kott,Josef,ANO2011,ANO,1. pol. 2023
6254,-38.76439092953367,-21.29992355414649,1.3634958266697268,Adámková,Věra,ANO2011,ANO,1. pol. 2023
6292,29.100963199264502,16.031354903688804,-5.5586321035694555,Golasowská,Pavla,Spolu,KDU-ČSL,1. pol. 2023
6409,-38.28602429016095,-21.032449647869864,1.8531860334902959,Petrtýl,František,ANO2011,ANO,1. pol. 2023
6418,28.813396291050744,15.785272906375724,-2.354850008590245,Skopeček,Jan,Spolu,ODS,1. pol. 2023
6428,-36.214806823879194,-19.47915681972223,-12.16607152068147,Babišová,Andrea,ANO2011,ANO,1. pol. 2023
6430,-38.02812521388679,-21.252400870733357,2.7195309111852275,Dostálová,Klára,ANO2011,ANO,1. pol. 2023
6431,-38.94064685772153,-21.403294654981107,4.601391605907896,Dražilová,Lenka,ANO2011,ANO,1. pol. 2023
6433,29.949222286399234,16.813213774906323,-6.244738324468936,Bartoš,Ivan,Pirati+STAN,Piráti,1. pol. 2023
6435,29.804748207014793,16.495442923597324,-5.402341700680712,Baxa,Martin,Spolu,ODS,1. pol. 2023
6436,29.383290276092858,16.052874109144977,-3.675269262405813,Beitl,Petr,Spolu,ODS,1. pol. 2023
6437,-37.314987444382744,-20.140795849938417,-12.53994187976853,Bělica,Josef,ANO2011,ANO,1. pol. 2023
6438,29.411883411237447,16.039025085879185,-2.587398247890941,Blaha,Stanislav,Spolu,ODS,1. pol. 2023
6441,-29.68524333895267,-16.48610675317017,-13.67977360085053,Bžoch,Jaroslav,ANO2011,ANO,1. pol. 2023
6445,-39.08053284855246,-21.950664084409468,6.792969355771366,Dvořák,Jaroslav,Svoboda a prima demokracie - Tomio Okamura,SPD,1. pol. 2023
6447,-38.694190308279936,-21.244368355015347,1.8087067244966624,Farhan,Kamal,ANO2011,ANO,1. pol. 2023
6448,-38.09931404623845,-20.82668445892377,-3.5766022568913494,Feranec,Milan,ANO2011,ANO,1. pol. 2023
6451,-35.8076096107424,-19.16909370588491,-11.85004083753713,Fridrich,Stanislav,ANO2011,ANO,1. pol. 2023
6455,-38.88582058674213,-21.883411128259485,17.497344647090323,Hrnčíř,Jan,Svoboda a prima demokracie - Tomio Okamura,SPD,1. pol. 2023
6457,-38.66017280085063,-21.28941914902647,2.8472891641038496,Fialová,Eva,ANO2011,ANO,1. pol. 2023
6458,-38.60423687178676,-21.238792743544064,7.233779734344706,Jáč,Ivan,ANO2011,ANO,1. pol. 2023
6459,29.555728120142447,16.226997325249748,-3.202688601616547,Janda,Jakub,Spolu,ODS,1. pol. 2023
6463,-36.179715364547874,-19.798938967966322,3.5208187913163704,Juchelka,Aleš,ANO2011,ANO,1. pol. 2023
6466,31.135111088293325,16.80834852046131,5.548256501986416,Krutáková,Jana,Pirati+STAN,STAN,1. pol. 2023
6468,-38.1145093338978,-20.857374036248142,2.6288704150939806,Malá,Taťána,ANO2011,ANO,1. pol. 2023
6469,-38.44674021546635,-21.577943171072064,15.467295207739326,Maříková,Karla,Svoboda a prima demokracie - Tomio Okamura,SPD,1. pol. 2023
6471,-38.20400983204295,-21.19686786481354,4.109690880178143,Mračková Vildumetzová,Jana,ANO2011,ANO,1. pol. 2023
6473,29.88561448449116,16.744026998501106,-4.058109214704983,Richterová,Olga,Pirati+STAN,Piráti,1. pol. 2023
6474,-38.33415494766157,-21.079376011421274,2.9049693665946967,Ožanová,Zuzana,ANO2011,ANO,1. pol. 2023
6475,-38.479240285703064,-21.10731192325262,2.327489611893499,Oborná,Monika,ANO2011,ANO,1. pol. 2023
6477,29.778010005927083,16.616933177722583,-4.127302056782411,Michálek,Jakub,Pirati+STAN,Piráti,1. pol. 2023
6479,-38.26331076245756,-21.53635810430351,14.76568915605114,Šafránková,Lucie,Svoboda a prima demokracie - Tomio Okamura,SPD,1. pol. 2023
6482,31.480371334476683,17.196265949256464,5.659260999285442,Válek,Vlastimil,Spolu,TOP09,1. pol. 2023
6484,-37.34728711282531,-20.413676229838863,1.0455601234370127,Štolpa,David,ANO2011,ANO,1. pol. 2023
6486,29.67776443954403,16.159484765618277,-2.9215344890190003,Munzar,Vojtěch,Spolu,ODS,1. pol. 2023
6487,-37.393808829886396,-20.927231504857343,5.901055914484265,Nacher,Patrik,ANO2011,ANO,1. pol. 2023
6490,-38.702793820509704,-21.087548387085057,-11.102076740664453,Vrána,Petr,ANO2011,ANO,1. pol. 2023
6492,3.235057824894189,-2.0955189124084215,2.888616866970061,Vondrák,Ivo,ANO2011,Nezařaz,1. pol. 2023
6495,-38.29667406093602,-21.79381427131072,15.53073991644358,Vích,Radovan,Svoboda a prima demokracie - Tomio Okamura,SPD,1. pol. 2023
6500,-38.60128021243243,-21.446816871571162,5.024900322052723,Richter,Jan,ANO2011,ANO,1. pol. 2023
6503,-38.305943780313065,-21.516375061351386,15.980391888087867,Kobza,Jiří,Svoboda a prima demokracie - Tomio Okamura,SPD,1. pol. 2023
6505,-35.935638566317095,-18.7324477144406,-14.821230581681998,Špičák,Julius,ANO2011,ANO,1. pol. 2023
6506,-35.90468470998239,-19.0250242285299,-11.187893280055588,Kohoutek,Tomáš,ANO2011,ANO,1. pol. 2023
6508,-38.537497058397044,-21.657405731620464,16.986151723081182,Koten,Radek,Svoboda a prima demokracie - Tomio Okamura,SPD,1. pol. 2023
6509,-38.23787231494872,-20.9964341321507,3.3992005606105953,Králíček,Robert,ANO2011,ANO,1. pol. 2023
6510,28.9457438115538,15.978253286693462,-5.877521236681389,Krejza,Karel,Spolu,ODS,1. pol. 2023
6511,-38.20425177872011,-21.103480980939523,4.586199718373169,Kubík,Jan,ANO2011,ANO,1. pol. 2023
6513,29.37784559025462,16.04441376031984,-2.086227246163982,Výborný,Marek,Spolu,KDU-ČSL,1. pol. 2023
6515,-37.66984276090894,-20.197115296413365,-10.950999591604706,Strýček,Jiří,ANO2011,ANO,1. pol. 2023
6518,-37.984727167536185,-20.844951092708744,2.746795724204871,Sadovský,Petr,ANO2011,ANO,1. pol. 2023
6520,-37.436056126043624,-20.429332184570832,2.7950418181203576,Růžička,Pavel,ANO2011,ANO,1. pol. 2023
6521,-37.929808917079065,-21.327589090736804,13.461500497138006,Rozvoral,Radek,Svoboda a prima demokracie - Tomio Okamura,SPD,1. pol. 2023
6523,-37.49006144869145,-20.580554031603185,2.680638570691497,Ratiborský,Michal,ANO2011,ANO,1. pol. 2023
6524,29.85993776544139,16.657140973792465,-4.618431567700172,Rakušan,Vít,Pirati+STAN,STAN,1. pol. 2023
6527,-36.22154494167282,-20.068793709123533,3.1132736737508715,Pražák,David,ANO2011,ANO,1. pol. 2023
6533,-35.216214600078345,-19.303126385990264,3.505054178361657,Novák,Marek,ANO2011,ANO,1. pol. 2023
6534,-38.17911818433859,-21.073285033687867,4.141192560067914,Mašek,Jiří,ANO2011,ANO,1. pol. 2023
6538,29.706703568366812,16.51494924349619,-6.453426628315676,Kupka,Martin,Spolu,ODS,1. pol. 2023
6544,-38.48266500877819,-21.02014018622346,4.977567636429453,Metnar,Lubomír,ANO2011,ANO,1. pol. 2023
6545,-38.18061519690934,-20.91642184029737,0.9967329437651897,Schillerová,Alena,ANO2011,ANO,1. pol. 2023
6555,29.42509081716503,16.145641458948045,-2.521009989678431,Philipp,Tom,Spolu,KDU-ČSL,1. pol. 2023
6621,-37.004023662292425,-20.490688654549263,2.8325649117937015,Havlíček,Karel,ANO2011,ANO,1. pol. 2023
6623,-32.64539171083408,-17.90582054051225,1.1533815936446743,Babka,Ondřej,ANO2011,ANO,1. pol. 2023
6687,29.88651707601077,16.404971094456915,-2.8424912905597,Jakob,Jan,Spolu,TOP09,1. pol. 2023
6719,29.082525564446648,15.963018485147348,-3.439812379456207,Bačíková,Jana,Spolu,ODS,1. pol. 2023
6720,29.061972915814437,15.989240176920395,-2.0526350075925497,Bělohlávková,Romana,Spolu,KDU-ČSL,1. pol. 2023
6721,29.718550597484807,16.44850046282995,-3.0345170524707443,Bělor,Roman,Pirati+STAN,STAN,1. pol. 2023
6722,28.543377935490554,15.973873522951985,-5.294346966607213,Berki,Jan,Pirati+STAN,STAN,1. pol. 2023
6723,-36.08020257303347,-19.262594994177928,-9.679496952575077,Berkovcová,Jana,ANO2011,ANO,1. pol. 2023
6724,30.026772325572523,16.627606871722847,-5.511932963337241,Bernard,Josef,Pirati+STAN,STAN,1. pol. 2023
6725,-38.76522171891134,-21.345826737204074,2.741636291176866,Brož,Lubomír,ANO2011,ANO,1. pol. 2023
6726,-37.701169987555744,-21.154074888249603,14.092847992983042,Černý,Oldřich,Svoboda a prima demokracie - Tomio Okamura,SPD,1. pol. 2023
6727,29.332699156327042,16.20623049680121,-3.845791403854674,Decroix,Eva,Spolu,ODS,1. pol. 2023
6728,29.72975180516178,16.459335932006354,-3.7765851440581963,Dubský,Tomáš,Pirati+STAN,STAN,1. pol. 2023
6729,29.28720888473751,16.13317500225046,-3.0128234384622847,Dufek,Aleš,Spolu,KDU-ČSL,1. pol. 2023
6730,-38.57703874693648,-21.18919116479712,1.969275260327083,Wenzl,Lubomír,ANO2011,ANO,1. pol. 2023
6731,-31.51509991921034,-16.780490864913343,-10.913301009662211,Wenzl,Milan,ANO2011,ANO,1. pol. 2023
6732,-38.09985192569467,-20.88236903532458,1.733208542273736,Mádlová,Ivana,ANO2011,ANO,1. pol. 2023
6733,29.74354824212629,16.33370542262788,-3.5467803313574047,Major,Martin,Spolu,ODS,1. pol. 2023
6734,30.057247202957186,16.64182502876123,-5.0442315530364406,Liška,Petr,Pirati+STAN,STAN,1. pol. 2023
6735,29.88385579981753,16.437479278059996,-3.8131952065819537,Kuchař,Jan,Pirati+STAN,STAN,1. pol. 2023
6736,-38.64270501820064,-21.194237562135775,1.997766257502744,Kukla,Martin,ANO2011,ANO,1. pol. 2023
6737,30.25164607717132,16.847057207625912,-8.479176879077173,Lacina,Jan,Pirati+STAN,STAN,1. pol. 2023
6738,-38.490916128619055,-21.1140938320428,1.7688592013267481,Lang,Hubert,ANO2011,ANO,1. pol. 2023
6739,29.85724161344494,16.452934130619937,-3.27551895153352,Letocha,Petr,Pirati+STAN,STAN,1. pol. 2023
6740,-38.258454601808566,-21.540804216186164,15.051762983207764,Sládeček,Karel,Svoboda a prima demokracie - Tomio Okamura,SPD,1. pol. 2023
6741,29.773611325807387,16.37724587123433,-3.1983712093446552,Slavík,Jiří,Spolu,TOP09,1. pol. 2023
6742,29.736249471486445,16.41909749634331,-4.278932068870078,Smetana,Karel,Spolu,KDU-ČSL,1. pol. 2023
6743,-38.61248417772045,-21.18934404038818,1.7468467753115742,Stržínek,Robert,ANO2011,ANO,1. pol. 2023
6744,29.352340927586205,16.055616951936077,-1.7114762455663357,Salvetr,Rudolf,Spolu,ODS,1. pol. 2023
6745,-38.42345760336778,-21.605404954367316,15.216590550708741,Pošarová,Marie,Svoboda a prima demokracie - Tomio Okamura,SPD,1. pol. 2023
6746,30.595151537236664,16.588781258112025,6.492994289854915,Potůčková,Lucie,Pirati+STAN,STAN,1. pol. 2023
6747,29.653101547098675,16.457143349207637,-4.174473969036072,Exner,Martin,Pirati+STAN,STAN,1. pol. 2023
6748,29.626556419150674,16.111316318667836,-1.9553847605245567,Fifka,Petr,Spolu,ODS,1. pol. 2023
6749,-37.87937765191184,-20.7847740911224,2.434794765562441,Fischerová,Romana,ANO2011,ANO,1. pol. 2023
6750,28.46246676988194,15.907711971373056,-3.8775953875247056,Flek,Josef,Pirati+STAN,STAN,1. pol. 2023
6751,29.388770069390567,16.128270559331966,-1.7070527497485466,Haas,Karel,Spolu,ODS,1. pol. 2023
6752,29.68838449152161,16.45461977744508,-3.6996189368667975,Hájek,Martin,Pirati+STAN,STAN,1. pol. 2023
6753,-38.24044635028696,-20.998165542767126,3.13828274536243,Hanzlíková,Jana,ANO2011,ANO,1. pol. 2023
6754,29.9511179655453,16.50432251014303,-3.1302889021790485,Havel,Matěj Ondřej,Spolu,TOP09,1. pol. 2023
6755,29.703520047529874,16.347493184168993,-2.4122710976433503,Havránek,Jiří,Spolu,ODS,1. pol. 2023
6756,-37.96581647975517,-20.894321628175163,2.133686300819509,Helebrant,Tomáš,ANO2011,ANO,1. pol. 2023
6757,29.29314386076979,16.219670721161563,-4.8425199985085285,Heller,Šimon,Spolu,KDU-ČSL,1. pol. 2023
6758,-38.38739949460812,-21.023900068859586,2.5054632630219364,Hendrych,Igor,ANO2011,ANO,1. pol. 2023
6759,29.414699906485513,16.026433230397537,-2.4232380115514536,Hofmann,Jan,Spolu,ODS,1. pol. 2023
6761,28.98852205060433,16.052117530122764,-4.188443719174713,Quittová,Petra,Pirati+STAN,STAN,1. pol. 2023
6762,29.657641381948643,16.490648875663357,-4.117901121417725,Pivoňka Vaňková,Pavla,Pirati+STAN,STAN,1. pol. 2023
6763,29.851261264691296,16.51015475128945,-3.378762454832689,Šebelová,Michaela,Pirati+STAN,STAN,1. pol. 2023
6764,29.665219312033678,16.27797187207215,-2.0113154997541796,Jílková,Marie,Spolu,KDU-ČSL,1. pol. 2023
6765,29.560006275650267,16.19815916865082,-2.42467389956078,Kašník,Pavel,Spolu,ODS,1. pol. 2023
6766,30.222368846646486,16.762744580820318,-4.4195219529483,Olšáková,Eliška,Pirati+STAN,STAN,1. pol. 2023
6767,30.12276560595606,16.72833179900477,-3.491021417441966,Opltová,Michaela,Pirati+STAN,STAN,1. pol. 2023
6768,29.925888834884542,16.48553350126784,-2.9791769920004953,Nový,Miloš,Spolu,TOP09,1. pol. 2023
6769,31.038159571568276,16.505175735336742,7.728149785307207,Okamura,Hayato,Spolu,KDU-ČSL,1. pol. 2023
6770,-37.19404251383537,-19.71124678627072,-12.568071994553842,Oulehlová,Renata,ANO2011,ANO,1. pol. 2023
6771,29.201829777554526,16.102630598737882,-3.129450955156779,Naiclerová,Hana,Pirati+STAN,STAN,1. pol. 2023
6772,29.708373142370494,16.4029230311787,-2.591788621050244,Müller,Tomáš,Pirati+STAN,STAN,1. pol. 2023
6773,-38.26417801006224,-21.647077399783583,14.819089445531421,Kettner,Zdeněk,Svoboda a prima demokracie - Tomio Okamura,SPD,1. pol. 2023
6774,29.715927374925812,16.37633205385593,-4.415244372500936,Klíma,Pavel,Spolu,TOP09,1. pol. 2023
6775,-38.988746327798964,-21.444205053579047,3.735860184480081,Knechtová,Lenka,ANO2011,ANO,1. pol. 2023
6776,29.24370638747162,16.43920719856347,-3.733453493590253,Kocmanová,Klára,Pirati+STAN,Piráti,1. pol. 2023
6777,29.073535997337565,16.098444391728478,-4.385879369307972,Kohajda,Michael,Spolu,KDU-ČSL,1. pol. 2023
6778,29.883276897922773,16.478396831971597,-3.7806155275810904,Ochodnická,Martina,Spolu,TOP09,1. pol. 2023
6779,30.217726359558366,16.717891081083977,-3.1920822580940054,Lochman,Ondřej,Pirati+STAN,STAN,1. pol. 2023
6780,-37.955143193030885,-20.991235157657584,3.6537537981143746,Peštová,Berenika,ANO2011,ANO,1. pol. 2023
6781,29.420169557555205,16.25323576566197,-2.5733533038692333,Rataj,Michael,Pirati+STAN,STAN,1. pol. 2023
6782,-38.5862265954406,-21.164177350372906,1.6009693718159783,Ryba,Drahoslav,ANO2011,ANO,1. pol. 2023
6783,-38.39016043909946,-21.526564831511806,14.996844628427409,Síla,Jan,Svoboda a prima demokracie - Tomio Okamura,SPD,1. pol. 2023
6784,28.97562399965158,16.116973405198067,-3.8769724436305046,Šimek,David,Spolu,KDU-ČSL,1. pol. 2023
6785,-38.35910967370845,-21.52316633373343,15.2592302831139,Štefanová,Iveta,Svoboda a prima demokracie - Tomio Okamura,SPD,1. pol. 2023
6786,29.721589538737305,16.274715721606594,-1.94246948961478,Teleky,Róbert,Spolu,KDU-ČSL,1. pol. 2023
6787,29.40393174060411,16.047911890292745,-0.9879226684993362,Turek,Libor,Spolu,ODS,1. pol. 2023
6788,29.426264901550713,16.41426101727462,-4.825999217093773,Urbanová,Barbora,Pirati+STAN,STAN,1. pol. 2023
6789,29.99684187599548,16.742528377640593,-4.83438238218763,Vlček,Lukáš,Pirati+STAN,STAN,1. pol. 2023
6790,29.302500269308943,16.220759844779597,-3.235444041506021,Voborská,Milada,Pirati+STAN,STAN,1. pol. 2023
6791,30.07565139157213,16.621569306770073,-2.9306216510903655,Vojtko,Viktor,Pirati+STAN,STAN,1. pol. 2023
6792,28.96266665985169,15.84297976699734,-2.044246605896927,Vomáčka,Vít,Spolu,ODS,1. pol. 2023
6793,29.638323993441897,16.21563210494126,-2.883153054942299,Zajíčková,Renáta,Spolu,ODS,1. pol. 2023
6794,29.46386441190965,16.154170597120075,-3.9280207930092916,Zborovský,Miroslav,Spolu,KDU-ČSL,1. pol. 2023
6795,-38.21538129919788,-21.478075382577874,16.037781579070916,Zlínský,Vladimír,Svoboda a prima demokracie - Tomio Okamura,SPD,1. pol. 2023
6796,29.74981489966803,16.397932999528717,-2.2573103555068705,Zuna,Michal,Spolu,TOP09,1. pol. 2023
6797,28.523897617595672,15.103802596807453,-1.523567333201447,Balaš,Vladimír,Pirati+STAN,STAN,1. pol. 2023
6798,29.288849104208293,16.19459025213674,-5.180241891647403,Hájek,Jiří,Pirati+STAN,STAN,1. pol. 2023
6799,29.377133324212423,16.34031483154052,-3.829742168040435,Kolář,Ondřej,Spolu,TOP09,1. pol. 2023
6800,30.109595030550505,16.24453974489671,9.225235853348018,Král,Václav,Spolu,ODS,1. pol. 2023
6801,29.118374115134365,16.05620571036668,-2.7711057323876864,Navrátil,Jiří,Spolu,KDU-ČSL,1. pol. 2023
6802,29.952430213958575,16.497454088132503,-3.1565681246166184,Svoboda,Pavel,Spolu,TOP09,1. pol. 2023
6803,29.7003811496967,16.236473204674695,-3.224218347043276,Horák,Jiří,Spolu,KDU-ČSL,1. pol. 2023
6804,28.874995552575065,15.902294655215043,-6.377039498495873,Němečková Crkvenjaš,Zdenka,Spolu,ODS,1. pol. 2023
6809,29.640057883109584,16.252512138344283,-4.364842470108486,Levko,Jarmila,Pirati+STAN,STAN,1. pol. 2023
4,32.92701516300128,17.905395695348716,10.375836967809885,Benda,Marek,Spolu,ODS,2. pol. 2023
346,33.52313892923439,18.34217621324209,10.54157176122501,Bendl,Petr,Spolu,ODS,2. pol. 2023
5226,33.62015279752569,18.236370942795276,9.830962392988344,Žáček,Pavel,Spolu,ODS,2. pol. 2023
5332,33.57454839813188,18.058710256309823,10.477345798928752,Tesařík,Antonín,Spolu,KDU-ČSL,2. pol. 2023
5379,34.311937693615924,18.68591568555566,11.561146045875129,Bauer,Jan,Spolu,ODS,2. pol. 2023
5449,33.11192424740374,17.947834085231204,9.898227577409152,Carbol,Jiří,Spolu,KDU-ČSL,2. pol. 2023
5459,-39.57604499575931,-21.478260191546237,2.9450718714020776,Fiala,Radim,Svoboda a prima demokracie - Tomio Okamura,SPD,2. pol. 2023
5477,-39.62038662018455,-21.864625360492557,0.12120467769281179,Lesenská,Vladimíra,Svoboda a prima demokracie - Tomio Okamura,SPD,2. pol. 2023
5700,33.49025359906938,18.328516309001465,10.276342671083619,Adamec,Ivan,Spolu,ODS,2. pol. 2023
5899,31.777277812053836,17.463930683504888,11.522105476043592,Bureš,Jan,Spolu,ODS,2. pol. 2023
5901,33.5154419263066,18.03536625736375,10.260882515073895,Cogan,Josef,Pirati+STAN,STAN,2. pol. 2023
5903,33.7200819098156,18.481411658866683,9.002503321915444,Černochová,Jana,Spolu,ODS,2. pol. 2023
5911,-39.19748597593844,-21.620789465822117,-0.5484027797510245,Foldyna,Jaroslav,Svoboda a prima demokracie - Tomio Okamura,SPD,2. pol. 2023
5914,31.930419159268528,17.139761374688767,10.863601530902356,Gazdík,Petr,Pirati+STAN,STAN,2. pol. 2023
5943,33.65487179448259,18.528385642625068,11.558045453379572,Langšádlová,Helena,Spolu,TOP09,2. pol. 2023
5968,33.86664441473826,18.553153382400815,9.135675880832729,Staněk,Pavel,Spolu,ODS,2. pol. 2023
5969,33.240365197575635,17.939095676480633,9.699966426772075,Stanjura,Zbyněk,Spolu,ODS,2. pol. 2023
6007,34.11242280728799,18.710207081651205,10.02138088689285,Svoboda,Bohuslav,Spolu,ODS,2. pol. 2023
6074,34.269162646579204,19.084749489473502,12.211293004075538,Fiala,Petr,Spolu,ODS,2. pol. 2023
6079,33.200116718003,17.94412878619855,9.32725735716754,Blažek,Pavel,Spolu,ODS,2. pol. 2023
6105,-39.98653244157148,-22.342008537182384,0.6320506733825526,Okamura,Tomio,Svoboda a prima demokracie - Tomio Okamura,SPD,2. pol. 2023
6138,33.31202065487152,18.25144628119087,11.556806298841936,Bělobrádek,Pavel,Spolu,KDU-ČSL,2. pol. 2023
6143,-40.09479824410583,-21.65835253256639,-15.336105506788785,Berkovec,Stanislav,ANO2011,ANO,2. pol. 2023
6147,32.59480277178772,17.811283496251225,12.626483008418887,Pekarová Adamová,Markéta,Spolu,TOP09,2. pol. 2023
6150,-38.95568071294081,-21.136717365522784,-14.82667475081768,Babiš,Andrej,ANO2011,ANO,2. pol. 2023
6154,34.01967005102528,18.660050574943824,11.572088969968705,Ženíšek,Marek,Spolu,TOP09,2. pol. 2023
6158,-40.359012761893396,-21.888887337070333,-15.50923238332537,Rais,Karel,ANO2011,ANO,2. pol. 2023
6165,-35.40085229519935,-19.251955232833463,-12.528541205990253,Vondráček,Radek,ANO2011,ANO,2. pol. 2023
6166,-34.64537969415312,-18.996193413717343,-14.607117851756266,Volný,Jan,ANO2011,ANO,2. pol. 2023
6168,-39.547143198444076,-21.392962801986037,-17.56389846045136,Válková,Helena,ANO2011,ANO,2. pol. 2023
6172,-38.64767489788449,-21.27562919458399,-15.549643702367536,Okleštěk,Ladislav,ANO2011,ANO,2. pol. 2023
6176,33.36279096861223,17.964384003154418,10.064030796037148,Nováková,Nina,Spolu,KDU-ČSL,2. pol. 2023
6177,-38.95564849837646,-20.808381724521826,-16.23335250213994,Balaštíková,Margita,ANO2011,ANO,2. pol. 2023
6178,33.37457635798633,18.20020802752564,10.336813679045244,Bartošek,Jan,Spolu,KDU-ČSL,2. pol. 2023
6179,32.744416449882515,17.712099374776702,10.142451364048162,Benešík,Ondřej,Spolu,KDU-ČSL,2. pol. 2023
6184,-39.570028226032726,-21.389819546501283,-15.701656906065812,Brabec,Richard,ANO2011,ANO,2. pol. 2023
6185,-40.476346443875784,-21.826126743308794,-15.108069121748919,Brázdil,Milan,ANO2011,ANO,2. pol. 2023
6190,-40.356666542545575,-22.2283412267104,-17.805773300283526,Faltýnek,Jaroslav,ANO2011,ANO,2. pol. 2023
6201,-39.1375488985395,-21.658424373719424,-15.638943467379324,Janulík,Miloslav,ANO2011,ANO,2. pol. 2023
6202,-40.61585037669176,-22.183558502540638,-14.460150632455475,Pokorná Jermanová,Jaroslava,ANO2011,ANO,2. pol. 2023
6205,33.61712657245812,18.709067061163022,11.371142561623703,Jurečka,Marian,Spolu,KDU-ČSL,2. pol. 2023
6207,32.7193168064767,17.550020264321777,11.828381535761642,Kaňkovský,Vít,Spolu,KDU-ČSL,2. pol. 2023
6209,-40.40951160503401,-21.969531894354173,-13.875132598328198,Kasal,David,ANO2011,ANO,2. pol. 2023
6211,-38.539896763317714,-20.537151714597883,-14.89653891884698,Kolovratník,Martin,ANO2011,ANO,2. pol. 2023
6214,33.158882646181695,18.146547280310052,10.38085297623828,Kovářová,Věra,Pirati+STAN,STAN,2. pol. 2023
6215,-39.0776766861289,-21.11172893358985,-15.887062957768944,Kubíček,Roman,ANO2011,ANO,2. pol. 2023
6216,31.82025175418815,17.372049287705348,11.326169687897782,Kučera,Michal,Spolu,TOP09,2. pol. 2023
6225,-39.564032666452746,-21.4227585542907,-15.076879363586919,Pastuchová,Jana,ANO2011,ANO,2. pol. 2023
6240,-37.00141470723018,-19.88731205209343,-16.19058769016588,Tureček,Karel,ANO2011,ANO,2. pol. 2023
6246,-40.37004559531582,-21.825054870302317,-15.238771807015127,Kott,Josef,ANO2011,ANO,2. pol. 2023
6254,-39.81877635384906,-21.476048906277136,-15.560318013325654,Adámková,Věra,ANO2011,ANO,2. pol. 2023
6292,33.862664729173076,18.339107968765,10.75743450165543,Golasowská,Pavla,Spolu,KDU-ČSL,2. pol. 2023
6409,-40.22006521344388,-21.92781997768802,-15.62665303560429,Petrtýl,František,ANO2011,ANO,2. pol. 2023
6418,32.71349923311358,17.879542148967793,11.700715596566708,Skopeček,Jan,Spolu,ODS,2. pol. 2023
6428,-39.97132588130051,-21.721206269287958,-14.773649432125968,Babišová,Andrea,ANO2011,ANO,2. pol. 2023
6430,-40.01607129983153,-22.176842720053877,-15.85776489152903,Dostálová,Klára,ANO2011,ANO,2. pol. 2023
6431,-40.29437321622435,-21.891722561964933,-12.60328015658684,Dražilová,Lenka,ANO2011,ANO,2. pol. 2023
6433,31.327720044414246,17.995587576881984,12.385371194706826,Bartoš,Ivan,Pirati+STAN,Piráti,2. pol. 2023
6435,34.07460174134634,18.87120660619316,10.99902575172958,Baxa,Martin,Spolu,ODS,2. pol. 2023
6436,32.52259461520678,17.4850496451936,11.313602417898627,Beitl,Petr,Spolu,ODS,2. pol. 2023
6437,-39.839309564438494,-21.536668538499065,-15.845461350264857,Bělica,Josef,ANO2011,ANO,2. pol. 2023
6438,33.053800868212456,17.845380385168696,11.767879701698416,Blaha,Stanislav,Spolu,ODS,2. pol. 2023
6441,-38.66811137251695,-21.47590383838294,-17.768433139826964,Bžoch,Jaroslav,ANO2011,ANO,2. pol. 2023
6445,-39.35979986278667,-22.292339282068795,8.715357278744278,Dvořák,Jaroslav,Svoboda a prima demokracie - Tomio Okamura,SPD,2. pol. 2023
6447,-39.82768966324999,-21.56387874833741,-16.09399009497239,Farhan,Kamal,ANO2011,ANO,2. pol. 2023
6448,-40.08889233165946,-21.76645118401049,-13.492864539890158,Feranec,Milan,ANO2011,ANO,2. pol. 2023
6451,-40.309460903729224,-21.826239905012468,-16.991480587513745,Fridrich,Stanislav,ANO2011,ANO,2. pol. 2023
6455,-39.27732837257798,-21.7459748042594,1.0747421084090358,Hrnčíř,Jan,Svoboda a prima demokracie - Tomio Okamura,SPD,2. pol. 2023
6457,-39.766619938191106,-21.471876077940845,-14.7888775091459,Fialová,Eva,ANO2011,ANO,2. pol. 2023
6458,-39.906880225570454,-21.5756795512687,-16.168250709735855,Jáč,Ivan,ANO2011,ANO,2. pol. 2023
6459,33.46322542460885,18.043541201140297,10.259816212902193,Janda,Jakub,Spolu,ODS,2. pol. 2023
6463,-39.4397287981934,-21.507348658126684,-17.57603742768718,Juchelka,Aleš,ANO2011,ANO,2. pol. 2023
6466,34.066107985484045,18.559944238914913,9.656006229821466,Krutáková,Jana,Pirati+STAN,STAN,2. pol. 2023
6468,-40.26890977774873,-21.710071142668475,-15.893562161666962,Malá,Taťána,ANO2011,ANO,2. pol. 2023
6469,-39.560158051601604,-22.02785445305656,0.6882011882397385,Maříková,Karla,Svoboda a prima demokracie - Tomio Okamura,SPD,2. pol. 2023
6471,-40.3989823115522,-22.10566006710034,-17.072696069263237,Mračková Vildumetzová,Jana,ANO2011,ANO,2. pol. 2023
6473,32.508383143697884,18.52132785641773,11.163436333640606,Richterová,Olga,Pirati+STAN,Piráti,2. pol. 2023
6474,-40.1429228916608,-21.78644131613055,-16.036006157173517,Ožanová,Zuzana,ANO2011,ANO,2. pol. 2023
6475,-40.47009083038429,-21.965170611767263,-16.20964173735327,Oborná,Monika,ANO2011,ANO,2. pol. 2023
6477,32.67051538379721,18.373326666036593,10.177530844109034,Michálek,Jakub,Pirati+STAN,Piráti,2. pol. 2023
6479,-39.661002671935734,-21.93162544892589,-0.57316440197624,Šafránková,Lucie,Svoboda a prima demokracie - Tomio Okamura,SPD,2. pol. 2023
6482,33.5234390799861,18.512015452639492,10.572510532293567,Válek,Vlastimil,Spolu,TOP09,2. pol. 2023
6484,-39.69868852248755,-21.61261957378705,-15.753232644539285,Štolpa,David,ANO2011,ANO,2. pol. 2023
6486,33.918880103814736,18.487934241961153,10.465804341537439,Munzar,Vojtěch,Spolu,ODS,2. pol. 2023
6487,-38.81172458048864,-21.35954725921211,-16.099997774834467,Nacher,Patrik,ANO2011,ANO,2. pol. 2023
6490,-40.86717202732105,-22.303288884458834,-16.615486788087132,Vrána,Petr,ANO2011,ANO,2. pol. 2023
6492,32.32665486524665,17.14054331400022,10.134787879545684,Vondrák,Ivo,ANO2011,Nezařaz,2. pol. 2023
6495,-40.14564871539222,-22.421192905979122,0.7359177812885037,Vích,Radovan,Svoboda a prima demokracie - Tomio Okamura,SPD,2. pol. 2023
6500,-38.87600602793542,-20.659536578508956,-13.92110529567767,Richter,Jan,ANO2011,ANO,2. pol. 2023
6503,-40.91377432110746,-22.830155773919973,-4.27762283512596,Kobza,Jiří,Svoboda a prima demokracie - Tomio Okamura,SPD,2. pol. 2023
6505,-40.36081919309154,-22.079995006289785,-17.54962697989617,Špičák,Julius,ANO2011,ANO,2. pol. 2023
6506,-40.094807424467795,-21.508982640559875,-15.956820731531714,Kohoutek,Tomáš,ANO2011,ANO,2. pol. 2023
6508,-39.386491208373094,-21.575392015400944,1.0836521081503245,Koten,Radek,Svoboda a prima demokracie - Tomio Okamura,SPD,2. pol. 2023
6509,-39.20711953148583,-21.043492516819434,-17.36918005210109,Králíček,Robert,ANO2011,ANO,2. pol. 2023
6510,33.289781662527496,17.9762709558524,10.951294044585369,Krejza,Karel,Spolu,ODS,2. pol. 2023
6511,-39.90458821385678,-21.80681729805051,-15.988927438080939,Kubík,Jan,ANO2011,ANO,2. pol. 2023
6513,32.390900054761126,17.47008074613074,12.246862054109997,Výborný,Marek,Spolu,KDU-ČSL,2. pol. 2023
6515,-40.702723274604864,-22.00663900026951,-15.642816212908524,Strýček,Jiří,ANO2011,ANO,2. pol. 2023
6518,-39.74033634778798,-21.443682161687303,-15.775681009289816,Sadovský,Petr,ANO2011,ANO,2. pol. 2023
6520,-38.5296698296873,-20.57389401241054,-16.81325499734795,Růžička,Pavel,ANO2011,ANO,2. pol. 2023
6521,-39.33041630376985,-21.669918964204296,-0.4331917489812588,Rozvoral,Radek,Svoboda a prima demokracie - Tomio Okamura,SPD,2. pol. 2023
6523,-39.82735805517653,-21.815419308516347,-15.87316669012798,Ratiborský,Michal,ANO2011,ANO,2. pol. 2023
6524,34.124543041845534,18.74986682589278,10.123622336310074,Rakušan,Vít,Pirati+STAN,STAN,2. pol. 2023
6527,-38.88416261843517,-20.827296351522264,-15.645280786952727,Pražák,David,ANO2011,ANO,2. pol. 2023
6533,-34.83823532556271,-18.531495567984642,-14.65454814895737,Novák,Marek,ANO2011,ANO,2. pol. 2023
6534,-39.49994284477408,-21.535732604527375,-15.474310090181765,Mašek,Jiří,ANO2011,ANO,2. pol. 2023
6538,33.791528532870934,18.430265473218775,9.076654257043028,Kupka,Martin,Spolu,ODS,2. pol. 2023
6544,-40.07062139280976,-21.749548680064564,-17.390342525246947,Metnar,Lubomír,ANO2011,ANO,2. pol. 2023
6545,-40.441993470461505,-21.69677478839623,-15.964975011890198,Schillerová,Alena,ANO2011,ANO,2. pol. 2023
6555,32.876120356110704,18.122630519410446,10.269588380679084,Philipp,Tom,Spolu,KDU-ČSL,2. pol. 2023
6621,-39.304903238938486,-21.497266156333932,-15.51176934180093,Havlíček,Karel,ANO2011,ANO,2. pol. 2023
6623,-39.29412813668647,-21.24405287610452,-15.408160262275826,Babka,Ondřej,ANO2011,ANO,2. pol. 2023
6687,33.672212275021174,18.507050115947354,10.90561451786305,Jakob,Jan,Spolu,TOP09,2. pol. 2023
6719,33.43040049035559,18.04944032081219,9.268663013177113,Bačíková,Jana,Spolu,ODS,2. pol. 2023
6720,32.16626259843124,17.54068777198564,10.851843667208861,Bělohlávková,Romana,Spolu,KDU-ČSL,2. pol. 2023
6721,33.53888012693014,18.4160169717056,7.64287876998071,Bělor,Roman,Pirati+STAN,STAN,2. pol. 2023
6722,32.60524336331455,17.576802120202657,9.316439950160865,Berki,Jan,Pirati+STAN,STAN,2. pol. 2023
6723,-40.352635696747676,-21.976318962218272,-16.155585115907645,Berkovcová,Jana,ANO2011,ANO,2. pol. 2023
6724,34.16670287533352,19.05048642419092,11.88382444704485,Bernard,Josef,Pirati+STAN,STAN,2. pol. 2023
6725,-39.844351391516696,-21.447426306086328,-15.885293358178517,Brož,Lubomír,ANO2011,ANO,2. pol. 2023
6726,-39.40344184632489,-21.65742589414343,0.09055378991153,Černý,Oldřich,Svoboda a prima demokracie - Tomio Okamura,SPD,2. pol. 2023
6727,33.4067420623419,18.289890570207927,9.898518646833496,Decroix,Eva,Spolu,ODS,2. pol. 2023
6728,33.85934193907136,18.277891845508176,9.936573064495994,Dubský,Tomáš,Pirati+STAN,STAN,2. pol. 2023
6729,33.61185015699213,18.07410829387354,10.662736060527687,Dufek,Aleš,Spolu,KDU-ČSL,2. pol. 2023
6730,-40.054663446801534,-21.710657014814096,-16.019510634753058,Wenzl,Lubomír,ANO2011,ANO,2. pol. 2023
6731,-39.19161819068934,-20.572436837579552,-16.209088173753685,Wenzl,Milan,ANO2011,ANO,2. pol. 2023
6732,-39.35869774112806,-21.210230888019534,-16.717258968862982,Mádlová,Ivana,ANO2011,ANO,2. pol. 2023
6733,33.472033291901084,18.04865163495896,10.229000582787771,Major,Martin,Spolu,ODS,2. pol. 2023
6734,33.15775823728386,18.203153666596467,7.738004818083329,Liška,Petr,Pirati+STAN,STAN,2. pol. 2023
6735,31.837699535681917,17.240600363007825,9.864731690218285,Kuchař,Jan,Pirati+STAN,STAN,2. pol. 2023
6736,-40.44241173787177,-21.868114601121437,-15.314959753244894,Kukla,Martin,ANO2011,ANO,2. pol. 2023
6737,33.8636283280636,18.313776089997404,10.153350689420305,Lacina,Jan,Pirati+STAN,STAN,2. pol. 2023
6738,-40.329239302075045,-21.687592326561088,-15.741267417349848,Lang,Hubert,ANO2011,ANO,2. pol. 2023
6739,33.54046511539562,18.167360681043572,10.012191339274416,Letocha,Petr,Pirati+STAN,STAN,2. pol. 2023
6740,-39.51483466883205,-21.88480703370991,1.642403011633523,Sládeček,Karel,Svoboda a prima demokracie - Tomio Okamura,SPD,2. pol. 2023
6741,33.44676659140626,18.271667464566633,10.820552819037964,Slavík,Jiří,Spolu,TOP09,2. pol. 2023
6742,33.049485378627374,17.696417772255757,9.829603302093867,Smetana,Karel,Spolu,KDU-ČSL,2. pol. 2023
6743,-40.08872937424481,-21.800342752631913,-16.22345896014801,Stržínek,Robert,ANO2011,ANO,2. pol. 2023
6744,33.376024157051255,18.12211116871442,10.564957212448324,Salvetr,Rudolf,Spolu,ODS,2. pol. 2023
6745,-39.41207283184206,-21.737817221810904,1.9220034815229374,Pošarová,Marie,Svoboda a prima demokracie - Tomio Okamura,SPD,2. pol. 2023
6746,33.607020284076896,18.250358552326116,7.035706576004512,Potůčková,Lucie,Pirati+STAN,STAN,2. pol. 2023
6747,32.9178388425926,17.653257177781928,10.961334091253544,Exner,Martin,Pirati+STAN,STAN,2. pol. 2023
6748,33.75722750618821,18.125125841768117,9.373422686686773,Fifka,Petr,Spolu,ODS,2. pol. 2023
6749,-39.85269251421571,-21.48200779409929,-16.496456818568245,Fischerová,Romana,ANO2011,ANO,2. pol. 2023
6750,31.136535611000856,16.683198164383402,10.032624590130288,Flek,Josef,Pirati+STAN,STAN,2. pol. 2023
6751,33.622683416159916,18.116152728881136,10.212166482199402,Haas,Karel,Spolu,ODS,2. pol. 2023
6752,33.73620247559293,18.281925847260528,10.533923807765598,Hájek,Martin,Pirati+STAN,STAN,2. pol. 2023
6753,-41.08331052079961,-22.65988081355457,-15.02359946436452,Hanzlíková,Jana,ANO2011,ANO,2. pol. 2023
6754,32.682446676937,17.75788472341281,11.861943333644861,Havel,Matěj Ondřej,Spolu,TOP09,2. pol. 2023
6755,33.566773277560664,18.266328087362847,10.81747142072262,Havránek,Jiří,Spolu,ODS,2. pol. 2023
6756,-40.11678864087389,-21.662917346012712,-15.627479537860621,Helebrant,Tomáš,ANO2011,ANO,2. pol. 2023
6757,32.64032631539873,17.555773612803584,10.649674062248511,Heller,Šimon,Spolu,KDU-ČSL,2. pol. 2023
6758,-40.19850037869087,-21.641291298333037,-16.21397514396827,Hendrych,Igor,ANO2011,ANO,2. pol. 2023
6759,33.374037874273164,17.972178474630105,10.12597472973187,Hofmann,Jan,Spolu,ODS,2. pol. 2023
6761,33.73211255038112,18.272970446267717,8.825084717025113,Quittová,Petra,Pirati+STAN,STAN,2. pol. 2023
6762,33.98221739842038,18.56934571950954,10.501587898512737,Pivoňka Vaňková,Pavla,Pirati+STAN,STAN,2. pol. 2023
6763,33.960144766569755,18.461913481375042,11.408316155435948,Šebelová,Michaela,Pirati+STAN,STAN,2. pol. 2023
6764,32.87045388263402,18.005485480798914,10.448563530794623,Jílková,Marie,Spolu,KDU-ČSL,2. pol. 2023
6765,33.977463626003896,18.65665784322031,11.07349198042117,Kašník,Pavel,Spolu,ODS,2. pol. 2023
6766,32.84954349594541,17.904081221303983,9.949420189839946,Olšáková,Eliška,Pirati+STAN,STAN,2. pol. 2023
6767,33.7858307013063,18.25729683906984,9.201692751375468,Opltová,Michaela,Pirati+STAN,STAN,2. pol. 2023
6768,33.35718799191154,18.320684688964796,10.297066091443746,Nový,Miloš,Spolu,TOP09,2. pol. 2023
6769,33.74053547905415,18.473058801093494,10.993951213347167,Okamura,Hayato,Spolu,KDU-ČSL,2. pol. 2023
6770,-39.98258861486111,-21.246117354089215,-17.071865980614675,Oulehlová,Renata,ANO2011,ANO,2. pol. 2023
6771,33.3920121955902,18.069598584865474,9.767464577047134,Naiclerová,Hana,Pirati+STAN,STAN,2. pol. 2023
6772,33.69290877469927,18.132720836099008,10.42513471266956,Müller,Tomáš,Pirati+STAN,STAN,2. pol. 2023
6773,-39.51739531907024,-21.719043984164742,1.692894625909313,Kettner,Zdeněk,Svoboda a prima demokracie - Tomio Okamura,SPD,2. pol. 2023
6774,32.83807381243194,17.85737060416302,11.001468975391386,Klíma,Pavel,Spolu,TOP09,2. pol. 2023
6775,-40.06116158375842,-21.6392874020318,-16.488050762124907,Knechtová,Lenka,ANO2011,ANO,2. pol. 2023
6776,32.480849710410595,18.469163249484843,10.855926030168929,Kocmanová,Klára,Pirati+STAN,Piráti,2. pol. 2023
6777,32.67573340292948,17.73864104065692,11.379478919018533,Kohajda,Michael,Spolu,KDU-ČSL,2. pol. 2023
6778,33.54494823960587,18.38400792937117,10.39260940080119,Ochodnická,Martina,Spolu,TOP09,2. pol. 2023
6779,33.6823080051503,18.383320675434152,9.86994616954759,Lochman,Ondřej,Pirati+STAN,STAN,2. pol. 2023
6780,-39.44630086693062,-21.236153429075962,-14.31777125705696,Peštová,Berenika,ANO2011,ANO,2. pol. 2023
6781,33.13417769368934,17.893734944644198,10.25477339156452,Rataj,Michael,Pirati+STAN,STAN,2. pol. 2023
6782,-40.16838433585908,-21.71282641795753,-16.39490414929266,Ryba,Drahoslav,ANO2011,ANO,2. pol. 2023
6783,-38.80420796554088,-21.45797076363393,-0.21308229480045995,Síla,Jan,Svoboda a prima demokracie - Tomio Okamura,SPD,2. pol. 2023
6784,32.50020499207782,17.658511635470383,8.90841965079043,Šimek,David,Spolu,KDU-ČSL,2. pol. 2023
6785,-39.405395628989744,-21.667170630545595,-0.3381677050178592,Štefanová,Iveta,Svoboda a prima demokracie - Tomio Okamura,SPD,2. pol. 2023
6786,33.7126286624519,18.20680403756384,10.79512227497405,Teleky,Róbert,Spolu,KDU-ČSL,2. pol. 2023
6787,33.40132726323577,17.974944708532963,10.190648365663765,Turek,Libor,Spolu,ODS,2. pol. 2023
6788,33.283702134318986,17.907144586963316,9.205591669061539,Urbanová,Barbora,Pirati+STAN,STAN,2. pol. 2023
6789,33.72507611757666,18.35394251690392,10.124847879118889,Vlček,Lukáš,Pirati+STAN,STAN,2. pol. 2023
6790,33.56003801224348,18.058407640564216,10.321121758566417,Voborská,Milada,Pirati+STAN,STAN,2. pol. 2023
6791,33.894217920508474,18.455833649522063,10.465667251998086,Vojtko,Viktor,Pirati+STAN,STAN,2. pol. 2023
6792,33.34992022266599,17.639759951377396,10.85018232427378,Vomáčka,Vít,Spolu,ODS,2. pol. 2023
6793,33.1954254116817,17.9929295891698,10.118638096470882,Zajíčková,Renáta,Spolu,ODS,2. pol. 2023
6794,33.04109823318061,17.79831889622117,10.761978411754692,Zborovský,Miroslav,Spolu,KDU-ČSL,2. pol. 2023
6795,-40.236323749971326,-22.33287820647857,2.4101677670126667,Zlínský,Vladimír,Svoboda a prima demokracie - Tomio Okamura,SPD,2. pol. 2023
6796,33.50178132641043,18.39325335757374,10.144372127939816,Zuna,Michal,Spolu,TOP09,2. pol. 2023
6797,33.488117599249335,18.187377560071813,10.058377673977008,Balaš,Vladimír,Pirati+STAN,STAN,2. pol. 2023
6798,33.944364774712334,18.441607944205984,9.455803607517643,Hájek,Jiří,Pirati+STAN,STAN,2. pol. 2023
6799,33.307852135628174,18.354071383440658,10.110086477272253,Kolář,Ondřej,Spolu,TOP09,2. pol. 2023
6800,32.30129577661677,17.33594278761802,11.812535383866337,Král,Václav,Spolu,ODS,2. pol. 2023
6801,33.461583901756214,17.9146116585622,10.810791801539137,Navrátil,Jiří,Spolu,KDU-ČSL,2. pol. 2023
6802,33.558374788563036,18.500676678344043,11.344866638195372,Svoboda,Pavel,Spolu,TOP09,2. pol. 2023
6803,32.802602323642894,17.833541626025763,12.684685990386656,Horák,Jiří,Spolu,KDU-ČSL,2. pol. 2023
6804,32.172070565611016,17.453343291750443,12.747620945652056,Němečková Crkvenjaš,Zdenka,Spolu,ODS,2. pol. 2023
6809,33.69860059938138,18.178747771090052,10.121731344380704,Levko,Jarmila,Pirati+STAN,STAN,2. pol. 2023
4,28.73237908348262,14.198884973154282,6.625501955147448,Benda,Marek,Spolu,ODS,1. pol. 2024
346,29.554166672588977,14.57839821034184,6.647708161491751,Bendl,Petr,Spolu,ODS,1. pol. 2024
5226,31.213235094385883,15.823352057490526,8.385078635942362,Žáček,Pavel,Spolu,ODS,1. pol. 2024
5332,29.90749700089095,14.939072873651574,6.409544828766532,Tesařík,Antonín,Spolu,KDU-ČSL,1. pol. 2024
5379,29.48214152853665,14.285970356576769,8.213284965445219,Bauer,Jan,Spolu,ODS,1. pol. 2024
5449,29.619021687746972,14.524045332882382,7.201137537375109,Carbol,Jiří,Spolu,KDU-ČSL,1. pol. 2024
5459,-35.05598550729788,-18.689305905328105,11.471435455356131,Fiala,Radim,Svoboda a prima demokracie - Tomio Okamura,SPD,1. pol. 2024
5477,-34.51286140465648,-18.242195680601437,10.396231662388994,Lesenská,Vladimíra,Svoboda a prima demokracie - Tomio Okamura,SPD,1. pol. 2024
5700,30.474914037243828,15.45280624286785,8.839402872474423,Adamec,Ivan,Spolu,ODS,1. pol. 2024
5899,26.974268856596165,13.545335778703869,8.136250150212986,Bureš,Jan,Spolu,ODS,1. pol. 2024
5901,30.621784275246235,15.959075946124807,4.257266457964987,Cogan,Josef,Pirati+STAN,STAN,1. pol. 2024
5903,30.84141723394674,16.214237185416334,5.843596664981847,Černochová,Jana,Spolu,ODS,1. pol. 2024
5911,-34.138989818775805,-17.26227382217718,8.75211217625596,Foldyna,Jaroslav,Svoboda a prima demokracie - Tomio Okamura,SPD,1. pol. 2024
5914,30.09930551318188,16.210488525592886,6.944191182305755,Gazdík,Petr,Pirati+STAN,STAN,1. pol. 2024
5943,29.567747902149318,15.141838515897858,4.625367027797004,Langšádlová,Helena,Spolu,TOP09,1. pol. 2024
5968,28.96937342269056,14.933273981190764,6.215454738677901,Staněk,Pavel,Spolu,ODS,1. pol. 2024
5969,30.595698294068136,15.278272304292445,5.60421734007061,Stanjura,Zbyněk,Spolu,ODS,1. pol. 2024
6007,29.496845132656208,13.792427132094046,7.6617521603958,Svoboda,Bohuslav,Spolu,ODS,1. pol. 2024
6074,30.781133988816762,16.15215895598907,6.421264246758881,Fiala,Petr,Spolu,ODS,1. pol. 2024
6079,27.353766862815956,12.211847427680496,8.310317004015873,Blažek,Pavel,Spolu,ODS,1. pol. 2024
6105,-34.21244691811542,-18.170693765553658,13.744317105921747,Okamura,Tomio,Svoboda a prima demokracie - Tomio Okamura,SPD,1. pol. 2024
6138,29.12798103979851,14.792083621743728,4.145861061429206,Bělobrádek,Pavel,Spolu,KDU-ČSL,1. pol. 2024
6143,-35.83200523345417,-18.390604319717838,-12.061585649101799,Berkovec,Stanislav,ANO2011,ANO,1. pol. 2024
6147,30.928438857164423,16.328113421897363,4.744727404785122,Pekarová Adamová,Markéta,Spolu,TOP09,1. pol. 2024
6150,-24.712653779409425,-12.17443196848519,-11.837795320365824,Babiš,Andrej,ANO2011,ANO,1. pol. 2024
6154,29.081977006108836,14.641937177388488,3.584038420505619,Ženíšek,Marek,Spolu,TOP09,1. pol. 2024
6158,-35.971795261857125,-18.09247364414983,-10.535026511438728,Rais,Karel,ANO2011,ANO,1. pol. 2024
6165,-32.58036775450067,-16.445582190841012,-7.227220871453674,Vondráček,Radek,ANO2011,ANO,1. pol. 2024
6166,-31.556793526859764,-16.3008603765923,-10.80189319537945,Volný,Jan,ANO2011,ANO,1. pol. 2024
6168,-33.827702301387795,-16.966486246543965,-13.335653025252054,Válková,Helena,ANO2011,ANO,1. pol. 2024
6172,-35.92218090519607,-18.37552145773901,-11.87596204499635,Okleštěk,Ladislav,ANO2011,ANO,1. pol. 2024
6176,28.99362739491137,14.460078578212016,7.778941403715774,Nováková,Nina,Spolu,KDU-ČSL,1. pol. 2024
6177,-34.740701605268455,-17.692295727712885,-10.99450639940025,Balaštíková,Margita,ANO2011,ANO,1. pol. 2024
6178,29.32339355909273,15.146833657825304,6.303559416133303,Bartošek,Jan,Spolu,KDU-ČSL,1. pol. 2024
6179,30.44386732284165,15.625648529694969,9.41427734936194,Benešík,Ondřej,Spolu,KDU-ČSL,1. pol. 2024
6184,-35.5881926077953,-17.718655699243524,-11.664933304909827,Brabec,Richard,ANO2011,ANO,1. pol. 2024
6185,-36.562965267799655,-18.45035390390995,-11.686880873018955,Brázdil,Milan,ANO2011,ANO,1. pol. 2024
6190,-35.7308188249001,-18.24959140395362,-13.241477380202708,Faltýnek,Jaroslav,ANO2011,ANO,1. pol. 2024
6201,-35.78101438512501,-18.19540534455197,-10.328837123598722,Janulík,Miloslav,ANO2011,ANO,1. pol. 2024
6202,-34.94748370810318,-18.745113765308222,-11.96781600357608,Pokorná Jermanová,Jaroslava,ANO2011,ANO,1. pol. 2024
6205,30.741067470540255,15.204212774922487,6.4838869833600015,Jurečka,Marian,Spolu,KDU-ČSL,1. pol. 2024
6207,28.65323280136294,14.735628459617581,6.643529857930301,Kaňkovský,Vít,Spolu,KDU-ČSL,1. pol. 2024
6209,-36.04725303678819,-18.461133224394633,-11.199839207266605,Kasal,David,ANO2011,ANO,1. pol. 2024
6211,-35.112897359496806,-17.610869676375945,-11.35355044967759,Kolovratník,Martin,ANO2011,ANO,1. pol. 2024
6214,29.24047677900711,15.123769892799485,4.6627962808438195,Kovářová,Věra,Pirati+STAN,STAN,1. pol. 2024
6215,-35.13114775500621,-17.81782846667441,-11.921930423691288,Kubíček,Roman,ANO2011,ANO,1. pol. 2024
6216,30.82191422596909,15.781201090942712,5.42812644488044,Kučera,Michal,Spolu,TOP09,1. pol. 2024
6225,-35.75276119396402,-17.865240872850784,-12.800132622826247,Pastuchová,Jana,ANO2011,ANO,1. pol. 2024
6240,-34.608807241537484,-17.60127668331755,-9.29037717585593,Tureček,Karel,ANO2011,ANO,1. pol. 2024
6246,-35.72197992363299,-18.498011665256715,-9.80876544736504,Kott,Josef,ANO2011,ANO,1. pol. 2024
6254,-36.16152884797552,-18.694357380862858,-11.1018196846645,Adámková,Věra,ANO2011,ANO,1. pol. 2024
6292,29.87727042968977,15.161568677121515,7.04314117001961,Golasowská,Pavla,Spolu,KDU-ČSL,1. pol. 2024
6409,-36.502318807704334,-18.59250315729023,-11.357758942788958,Petrtýl,František,ANO2011,ANO,1. pol. 2024
6418,29.404395016541432,14.74923880998661,5.838829376567298,Skopeček,Jan,Spolu,ODS,1. pol. 2024
6428,-36.19059352016812,-18.32594974636935,-11.830966700588657,Babišová,Andrea,ANO2011,ANO,1. pol. 2024
6430,-35.37369260773416,-18.498684339766783,-12.010418574856171,Dostálová,Klára,ANO2011,ANO,1. pol. 2024
6431,-34.72536733562583,-17.34749207716041,-12.593852569254492,Dražilová,Lenka,ANO2011,ANO,1. pol. 2024
6433,30.67456115912797,16.822166388224417,5.124080527125012,Bartoš,Ivan,Pirati+STAN,Piráti,1. pol. 2024
6435,30.951641071233762,15.83280162930914,6.116384014260906,Baxa,Martin,Spolu,ODS,1. pol. 2024
6436,29.97513979884426,15.310434232054256,5.665956814924963,Beitl,Petr,Spolu,ODS,1. pol. 2024
6437,-35.63738277886958,-18.10260774405672,-11.039433205244235,Bělica,Josef,ANO2011,ANO,1. pol. 2024
6438,30.109889637306043,15.055758279930405,8.877703081487299,Blaha,Stanislav,Spolu,ODS,1. pol. 2024
6441,-35.61063628203391,-19.318515413178474,-14.615841118543388,Bžoch,Jaroslav,ANO2011,ANO,1. pol. 2024
6445,-34.464569125635414,-18.60177508240464,11.418835328083436,Dvořák,Jaroslav,Svoboda a prima demokracie - Tomio Okamura,SPD,1. pol. 2024
6447,-35.043998024627115,-17.548300856616446,-12.946182168337135,Farhan,Kamal,ANO2011,ANO,1. pol. 2024
6448,-36.14345905243015,-18.804396392569817,-10.19572507269964,Feranec,Milan,ANO2011,ANO,1. pol. 2024
6451,-35.92151552837689,-18.12317961481838,-10.642245495221088,Fridrich,Stanislav,ANO2011,ANO,1. pol. 2024
6455,-33.35611106862864,-17.55366598234191,13.735782809311575,Hrnčíř,Jan,Svoboda a prima demokracie - Tomio Okamura,SPD,1. pol. 2024
6457,-36.03071245263417,-18.261384781711588,-10.86015474086477,Fialová,Eva,ANO2011,ANO,1. pol. 2024
6458,-29.096473185293767,-14.615431541450159,-13.232137285851524,Jáč,Ivan,ANO2011,ANO,1. pol. 2024
6459,30.33785791393486,15.313349433527792,7.49838592354371,Janda,Jakub,Spolu,ODS,1. pol. 2024
6463,-34.15901411334893,-17.558151762006947,-10.704822725363648,Juchelka,Aleš,ANO2011,ANO,1. pol. 2024
6466,29.793963096264555,15.272328881218145,5.112850735132368,Krutáková,Jana,Pirati+STAN,STAN,1. pol. 2024
6468,-35.091794451419176,-17.915513831787383,-11.59017239273753,Malá,Taťána,ANO2011,ANO,1. pol. 2024
6469,-34.329509598114825,-18.341280271436535,8.856092500041141,Maříková,Karla,Svoboda a prima demokracie - Tomio Okamura,SPD,1. pol. 2024
6471,-35.93878388359,-18.48446576692502,-13.099148011680875,Mračková Vildumetzová,Jana,ANO2011,ANO,1. pol. 2024
6473,29.859223684882213,16.56739294315929,4.898215742231443,Richterová,Olga,Pirati+STAN,Piráti,1. pol. 2024
6474,-36.14567916697634,-18.535260698748765,-10.812674449410173,Ožanová,Zuzana,ANO2011,ANO,1. pol. 2024
6475,-36.65261485608151,-18.70901090708101,-11.854973664358997,Oborná,Monika,ANO2011,ANO,1. pol. 2024
6477,29.959327835869257,16.554068162253508,6.085032170223872,Michálek,Jakub,Pirati+STAN,Piráti,1. pol. 2024
6479,-33.76400940609975,-17.989030090973607,10.805662328981153,Šafránková,Lucie,Svoboda a prima demokracie - Tomio Okamura,SPD,1. pol. 2024
6482,30.83927775249506,16.602121857746276,5.5418162763974514,Válek,Vlastimil,Spolu,TOP09,1. pol. 2024
6484,-35.893297461683446,-18.297015344301496,-12.375802289424957,Štolpa,David,ANO2011,ANO,1. pol. 2024
6486,30.41973736390649,15.26302524518725,9.234352353184507,Munzar,Vojtěch,Spolu,ODS,1. pol. 2024
6487,-36.13622578931951,-18.94500809365802,-11.333089301278065,Nacher,Patrik,ANO2011,ANO,1. pol. 2024
6490,-35.68601283980211,-18.38001830366459,-13.309154041469139,Vrána,Petr,ANO2011,ANO,1. pol. 2024
6492,28.624841290104584,13.547778008167192,5.343581559178714,Vondrák,Ivo,ANO2011,Nezařaz,1. pol. 2024
6495,-34.221513105369674,-18.26541249564716,14.704442335505577,Vích,Radovan,Svoboda a prima demokracie - Tomio Okamura,SPD,1. pol. 2024
6500,-35.35290652077615,-17.972571253451825,-10.908469016201373,Richter,Jan,ANO2011,ANO,1. pol. 2024
6503,-34.550918907434436,-18.341277891938365,13.836493063777048,Kobza,Jiří,Svoboda a prima demokracie - Tomio Okamura,SPD,1. pol. 2024
6505,-34.278266421857126,-16.818301644869322,-12.061341988327701,Špičák,Julius,ANO2011,ANO,1. pol. 2024
6506,-35.47229141431933,-17.89034356247689,-12.328976825510685,Kohoutek,Tomáš,ANO2011,ANO,1. pol. 2024
6508,-34.56307508513275,-18.218089840647924,10.586136723716074,Koten,Radek,Svoboda a prima demokracie - Tomio Okamura,SPD,1. pol. 2024
6509,-34.92241422274854,-17.30461380610704,-12.075653180182895,Králíček,Robert,ANO2011,ANO,1. pol. 2024
6510,29.16046014048203,14.467787390321337,6.713498028309854,Krejza,Karel,Spolu,ODS,1. pol. 2024
6511,-35.530286183686016,-18.0518422720443,-11.12327719030265,Kubík,Jan,ANO2011,ANO,1. pol. 2024
6513,30.448870318264337,15.66429272149139,7.496683304037804,Výborný,Marek,Spolu,KDU-ČSL,1. pol. 2024
6515,-36.371183317823956,-18.60124325433281,-12.017326931791963,Strýček,Jiří,ANO2011,ANO,1. pol. 2024
6518,-35.910916479696816,-18.44269521653421,-10.559157216768634,Sadovský,Petr,ANO2011,ANO,1. pol. 2024
6520,-34.79083943285584,-17.892000336982225,-11.980977155224746,Růžička,Pavel,ANO2011,ANO,1. pol. 2024
6521,-33.940484101269284,-17.911413382522955,9.235244081330332,Rozvoral,Radek,Svoboda a prima demokracie - Tomio Okamura,SPD,1. pol. 2024
6523,-36.76736330526768,-18.945906920476826,-10.647504252317637,Ratiborský,Michal,ANO2011,ANO,1. pol. 2024
6524,31.483400698804427,16.78017427995398,5.707049497809483,Rakušan,Vít,Pirati+STAN,STAN,1. pol. 2024
6527,-35.47332384762693,-17.810351174405827,-13.434632990195503,Pražák,David,ANO2011,ANO,1. pol. 2024
6533,-34.97245130497402,-17.64381414938836,-10.314214676948078,Novák,Marek,ANO2011,ANO,1. pol. 2024
6534,-35.6281864063544,-18.20996477092036,-9.252491815506243,Mašek,Jiří,ANO2011,ANO,1. pol. 2024
6538,30.665645239377533,16.567991057983107,1.5284545235335325,Kupka,Martin,Spolu,ODS,1. pol. 2024
6544,-36.746434605601145,-18.90507858269887,-11.895259243781856,Metnar,Lubomír,ANO2011,ANO,1. pol. 2024
6545,-35.65870958800341,-18.25266893937946,-11.165901999041063,Schillerová,Alena,ANO2011,ANO,1. pol. 2024
6555,29.26698257557004,15.022189554273288,4.5043931486469955,Philipp,Tom,Spolu,KDU-ČSL,1. pol. 2024
6621,-36.03153422775018,-18.63462105540568,-12.432696991327282,Havlíček,Karel,ANO2011,ANO,1. pol. 2024
6623,-34.11370343190938,-17.262705844756997,-11.322006450121016,Babka,Ondřej,ANO2011,ANO,1. pol. 2024
6687,30.10725511576008,15.618596611264474,4.34660522051013,Jakob,Jan,Spolu,TOP09,1. pol. 2024
6719,30.021642809138438,15.176257786800313,8.137193761046136,Bačíková,Jana,Spolu,ODS,1. pol. 2024
6720,29.982050799453223,15.108527437421442,7.6394949219669055,Bělohlávková,Romana,Spolu,KDU-ČSL,1. pol. 2024
6721,30.501330160832005,15.943879123939926,5.912918853126081,Bělor,Roman,Pirati+STAN,STAN,1. pol. 2024
6722,30.352849070354896,16.1985000900048,4.260973696940443,Berki,Jan,Pirati+STAN,STAN,1. pol. 2024
6723,-35.86314454955821,-18.38283134031203,-12.23410926598535,Berkovcová,Jana,ANO2011,ANO,1. pol. 2024
6724,30.80829892978557,16.51183205389387,7.545298980958898,Bernard,Josef,Pirati+STAN,STAN,1. pol. 2024
6725,-35.42146669147998,-17.648753400167656,-11.485830952210131,Brož,Lubomír,ANO2011,ANO,1. pol. 2024
6726,-33.66428422455128,-17.853296526193837,10.99115408736915,Černý,Oldřich,Svoboda a prima demokracie - Tomio Okamura,SPD,1. pol. 2024
6727,29.734057069983887,14.772374589762563,5.986944565609957,Decroix,Eva,Spolu,ODS,1. pol. 2024
6728,30.63021183839407,16.03466659320837,5.075454401054533,Dubský,Tomáš,Pirati+STAN,STAN,1. pol. 2024
6729,29.80209670215463,14.897396476346383,7.910412698087161,Dufek,Aleš,Spolu,KDU-ČSL,1. pol. 2024
6730,-35.877871518122326,-18.26530173892643,-12.424892775366999,Wenzl,Lubomír,ANO2011,ANO,1. pol. 2024
6731,-36.72675362093708,-18.94962917997442,-12.66945466923693,Wenzl,Milan,ANO2011,ANO,1. pol. 2024
6732,-37.42635844541381,-19.608144431817824,-12.370447920883826,Mádlová,Ivana,ANO2011,ANO,1. pol. 2024
6733,29.83708087768677,14.945666136771425,6.492818675154551,Major,Martin,Spolu,ODS,1. pol. 2024
6734,30.685988217912982,16.348993242187635,5.88037370667733,Liška,Petr,Pirati+STAN,STAN,1. pol. 2024
6735,27.906194905938165,13.87372153666966,4.320704929412217,Kuchař,Jan,Pirati+STAN,STAN,1. pol. 2024
6736,-36.06272272443885,-18.25001612892329,-12.230074450682235,Kukla,Martin,ANO2011,ANO,1. pol. 2024
6737,30.729416420968597,15.713162945105745,5.873157028897234,Lacina,Jan,Pirati+STAN,STAN,1. pol. 2024
6738,-36.58937934050231,-18.712452772448867,-11.296696796107833,Lang,Hubert,ANO2011,ANO,1. pol. 2024
6739,30.562406359769106,16.03907853349127,5.777402930855428,Letocha,Petr,Pirati+STAN,STAN,1. pol. 2024
6740,-34.64955052382026,-18.282041794512963,9.943979402743045,Sládeček,Karel,Svoboda a prima demokracie - Tomio Okamura,SPD,1. pol. 2024
6741,30.165962096895708,15.430002644095548,4.534711493729268,Slavík,Jiří,Spolu,TOP09,1. pol. 2024
6742,28.578207700119258,14.329019560118303,6.133078202542762,Smetana,Karel,Spolu,KDU-ČSL,1. pol. 2024
6743,-36.19091831895731,-18.355194589313772,-11.597824025533281,Stržínek,Robert,ANO2011,ANO,1. pol. 2024
6744,28.966905814970534,14.533370161951707,7.552062897993205,Salvetr,Rudolf,Spolu,ODS,1. pol. 2024
6745,-34.41097495163535,-18.158204360020164,9.64273649317994,Pošarová,Marie,Svoboda a prima demokracie - Tomio Okamura,SPD,1. pol. 2024
6746,30.771386543942274,16.11014890926102,6.856047061494135,Potůčková,Lucie,Pirati+STAN,STAN,1. pol. 2024
6747,30.515980130006195,15.876744318411335,5.666107159161086,Exner,Martin,Pirati+STAN,STAN,1. pol. 2024
6748,30.650270624521234,15.264961047263338,9.00011172045483,Fifka,Petr,Spolu,ODS,1. pol. 2024
6749,-35.557668989367265,-17.963546693220884,-12.517221849104372,Fischerová,Romana,ANO2011,ANO,1. pol. 2024
6750,28.779326569614167,15.106820717645448,3.361545887724321,Flek,Josef,Pirati+STAN,STAN,1. pol. 2024
6751,29.60604927050512,14.576210649075724,7.71182644521119,Haas,Karel,Spolu,ODS,1. pol. 2024
6752,30.141541563518253,15.655045601479516,4.291193934407466,Hájek,Martin,Pirati+STAN,STAN,1. pol. 2024
6753,-36.38333517341734,-18.57503479937217,-11.613875218132526,Hanzlíková,Jana,ANO2011,ANO,1. pol. 2024
6754,29.992125465179488,15.765184883099833,3.375394562878831,Havel,Matěj Ondřej,Spolu,TOP09,1. pol. 2024
6755,29.362308404164583,14.99749415183885,4.942048306263331,Havránek,Jiří,Spolu,ODS,1. pol. 2024
6756,-36.84960842556569,-19.02439173186814,-9.78932923823971,Helebrant,Tomáš,ANO2011,ANO,1. pol. 2024
6757,28.60689015200843,14.126216553236517,7.005905794334725,Heller,Šimon,Spolu,KDU-ČSL,1. pol. 2024
6758,-35.964405541953575,-18.224171115734276,-12.208495092674942,Hendrych,Igor,ANO2011,ANO,1. pol. 2024
6759,30.25207437328855,15.146085515946309,7.72864407603627,Hofmann,Jan,Spolu,ODS,1. pol. 2024
6761,31.100817004209926,16.234270599554964,5.339694660278096,Quittová,Petra,Pirati+STAN,STAN,1. pol. 2024
6762,29.954520949499628,15.781652293486882,6.765610967199578,Pivoňka Vaňková,Pavla,Pirati+STAN,STAN,1. pol. 2024
6763,30.552599899438228,15.873266692268874,5.689303752827057,Šebelová,Michaela,Pirati+STAN,STAN,1. pol. 2024
6764,30.43660854833474,16.001324569791823,4.591343264692802,Jílková,Marie,Spolu,KDU-ČSL,1. pol. 2024
6765,30.324138515120225,15.52221797687114,7.60670338972872,Kašník,Pavel,Spolu,ODS,1. pol. 2024
6766,28.974374574344864,14.997323240647804,5.14824414627578,Olšáková,Eliška,Pirati+STAN,STAN,1. pol. 2024
6767,30.03847937098137,15.410956089048337,5.329786284216249,Opltová,Michaela,Pirati+STAN,STAN,1. pol. 2024
6768,29.469143280242154,15.177288785521549,5.092765440120958,Nový,Miloš,Spolu,TOP09,1. pol. 2024
6769,29.66599054258086,14.85541553453394,7.61153662529431,Okamura,Hayato,Spolu,KDU-ČSL,1. pol. 2024
6770,-36.13987384520676,-18.74273484282072,-12.367416704509559,Oulehlová,Renata,ANO2011,ANO,1. pol. 2024
6771,30.617105917768843,16.26789622146215,5.899939817310252,Naiclerová,Hana,Pirati+STAN,STAN,1. pol. 2024
6772,30.418547330556237,15.838072889519045,5.198015020884884,Müller,Tomáš,Pirati+STAN,STAN,1. pol. 2024
6773,-34.78746528546232,-18.260646403690764,9.53884698767426,Kettner,Zdeněk,Svoboda a prima demokracie - Tomio Okamura,SPD,1. pol. 2024
6774,29.86815499093916,16.049930537230523,3.8207078199579483,Klíma,Pavel,Spolu,TOP09,1. pol. 2024
6775,-36.187953046160764,-18.289854893377587,-12.580911124574241,Knechtová,Lenka,ANO2011,ANO,1. pol. 2024
6776,30.733620116423754,16.935598301995952,5.40280252390102,Kocmanová,Klára,Pirati+STAN,Piráti,1. pol. 2024
6777,29.569317868618317,14.97786732741041,5.251400712791553,Kohajda,Michael,Spolu,KDU-ČSL,1. pol. 2024
6778,30.750384054846073,16.512157799195975,6.158959778971915,Ochodnická,Martina,Spolu,TOP09,1. pol. 2024
6779,30.632846414089816,16.10020387156799,4.392323633472789,Lochman,Ondřej,Pirati+STAN,STAN,1. pol. 2024
6780,-36.285629385991,-18.680946528044068,-11.05156488296394,Peštová,Berenika,ANO2011,ANO,1. pol. 2024
6781,30.013346334531466,15.702775504376547,5.580572557949825,Rataj,Michael,Pirati+STAN,STAN,1. pol. 2024
6782,-35.40396883044048,-17.90716478096057,-12.6209223901729,Ryba,Drahoslav,ANO2011,ANO,1. pol. 2024
6783,-34.801628718268816,-19.01098647736366,9.460622203910697,Síla,Jan,Svoboda a prima demokracie - Tomio Okamura,SPD,1. pol. 2024
6784,30.1826820311381,15.774480558853,4.066471456434698,Šimek,David,Spolu,KDU-ČSL,1. pol. 2024
6785,-33.96777969289529,-18.027443442520887,9.39945021483461,Štefanová,Iveta,Svoboda a prima demokracie - Tomio Okamura,SPD,1. pol. 2024
6786,30.211090151757414,15.079270043494429,7.393008622237368,Teleky,Róbert,Spolu,KDU-ČSL,1. pol. 2024
6787,29.815737372316196,15.129244518192476,8.273060935016343,Turek,Libor,Spolu,ODS,1. pol. 2024
6788,29.753363790131015,15.337255300888508,5.72406973249929,Urbanová,Barbora,Pirati+STAN,STAN,1. pol. 2024
6789,29.747702331273963,15.276798172164513,5.7741286089798445,Vlček,Lukáš,Pirati+STAN,STAN,1. pol. 2024
6790,30.69512052327934,16.388236160538522,5.742943932834537,Voborská,Milada,Pirati+STAN,STAN,1. pol. 2024
6791,30.417766396365923,15.976483702569473,5.0075922998611535,Vojtko,Viktor,Pirati+STAN,STAN,1. pol. 2024
6792,25.650723735351878,12.94710416330278,6.892074615934892,Vomáčka,Vít,Spolu,ODS,1. pol. 2024
6793,29.90519781449683,15.065313212644321,5.734070306629855,Zajíčková,Renáta,Spolu,ODS,1. pol. 2024
6794,29.93490269213008,14.932634962042227,5.491678706319298,Zborovský,Miroslav,Spolu,KDU-ČSL,1. pol. 2024
6795,-34.21979035527651,-18.39402428984891,9.08543873546769,Zlínský,Vladimír,Svoboda a prima demokracie - Tomio Okamura,SPD,1. pol. 2024
6796,30.215054253031074,15.791720878051995,3.793668587733006,Zuna,Michal,Spolu,TOP09,1. pol. 2024
6797,30.13649002040235,15.637336748930752,5.037491743547096,Balaš,Vladimír,Pirati+STAN,STAN,1. pol. 2024
6798,30.367444196745705,15.870946756369236,5.880909301242014,Hájek,Jiří,Pirati+STAN,STAN,1. pol. 2024
6799,30.34476129861707,16.38835280953314,3.5753250868898214,Kolář,Ondřej,Spolu,TOP09,1. pol. 2024
6800,27.14579023054876,13.444516025548712,6.015152615527592,Král,Václav,Spolu,ODS,1. pol. 2024
6801,30.142580541050513,15.995216318379734,8.088091969998512,Navrátil,Jiří,Spolu,KDU-ČSL,1. pol. 2024
6802,29.126468491316356,14.82571690383724,3.3176687597220456,Svoboda,Pavel,Spolu,TOP09,1. pol. 2024
6803,28.971307858104833,14.884996974218552,5.413283150325997,Horák,Jiří,Spolu,KDU-ČSL,1. pol. 2024
6804,30.983445177109694,15.998583933970968,8.82278710692885,Němečková Crkvenjaš,Zdenka,Spolu,ODS,1. pol. 2024
6809,30.27923224099289,15.825731072405762,4.636009953671113,Levko,Jarmila,Pirati+STAN,STAN,1. pol. 2024
6925,-33.005430447785145,-15.914705412885763,10.107515357430653,Dlask,Marcel,Svoboda a prima demokracie - Tomio Okamura,SPD,1. pol. 2024
6937,28.147436563895326,11.412589231509186,1.1276269458609438,Dlouhý,Martin,Spolu,TOP09,1. pol. 2024
4,33.65717124237858,-18.587497701384454,0.25915646956537697,Benda,Marek,Spolu,ODS,2. pol. 2024
346,34.05305284481886,-18.618716055700673,0.6818306835848337,Bendl,Petr,Spolu,ODS,2. pol. 2024
5226,34.19329104034442,-18.855549187122175,0.22147394844862048,Žáček,Pavel,Spolu,ODS,2. pol. 2024
5332,34.191918885841076,-18.796126531710254,1.580061457784851,Tesařík,Antonín,Spolu,KDU-ČSL,2. pol. 2024
5379,33.40348109397792,-18.672385586408833,-1.6070627129184998,Bauer,Jan,Spolu,ODS,2. pol. 2024
5449,33.309209456163494,-18.552270950722654,0.6777727749984379,Carbol,Jiří,Spolu,KDU-ČSL,2. pol. 2024
5459,-39.886711468007206,21.50962453315015,18.082331450118527,Fiala,Radim,Svoboda a prima demokracie - Tomio Okamura,SPD,2. pol. 2024
5477,-39.88899114243484,21.23233416723162,16.057214548995134,Lesenská,Vladimíra,Svoboda a prima demokracie - Tomio Okamura,SPD,2. pol. 2024
5700,33.604882891137294,-18.53413782296418,1.0234814988987309,Adamec,Ivan,Spolu,ODS,2. pol. 2024
5899,29.392789598945985,-16.547772960790656,0.4379505911358483,Bureš,Jan,Spolu,ODS,2. pol. 2024
5901,34.00660000840082,-18.806503283590974,1.2846488407095642,Cogan,Josef,Pirati+STAN,STAN,2. pol. 2024
5903,34.68175467035091,-19.20720218173922,-2.002895563522112,Černochová,Jana,Spolu,ODS,2. pol. 2024
5911,-40.498133166648046,22.101270914424113,15.519220068035475,Foldyna,Jaroslav,Svoboda a prima demokracie - Tomio Okamura,SPD,2. pol. 2024
5914,33.650747219642,-18.867866498551905,1.5329427340440607,Gazdík,Petr,Pirati+STAN,STAN,2. pol. 2024
5931,34.38213067597782,-19.290933737955292,-1.0080135762707614,Jirout,Radim,Spolu,ODS,2. pol. 2024
5943,34.33022507167183,-18.98683634172991,0.8824580906064614,Langšádlová,Helena,Spolu,TOP09,2. pol. 2024
5968,33.489847341616205,-18.306161270881883,-0.0708677527085984,Staněk,Pavel,Spolu,ODS,2. pol. 2024
5969,33.82082955758173,-18.451454853124954,0.10013173054525919,Stanjura,Zbyněk,Spolu,ODS,2. pol. 2024
6007,33.98959529094623,-18.917176557206187,0.20636337204409105,Svoboda,Bohuslav,Spolu,ODS,2. pol. 2024
6074,34.21205409097049,-19.016092227207906,1.6383109444010489,Fiala,Petr,Spolu,ODS,2. pol. 2024
6079,32.29593671351209,-17.75033056607567,-1.3558338495896354,Blažek,Pavel,Spolu,ODS,2. pol. 2024
6105,-39.63520686669246,21.278003041371917,18.871713157209914,Okamura,Tomio,Svoboda a prima demokracie - Tomio Okamura,SPD,2. pol. 2024
6138,33.87968885377572,-18.71535783454504,1.5498690384952667,Bělobrádek,Pavel,Spolu,KDU-ČSL,2. pol. 2024
6143,-40.374010313340435,22.416729338703156,-6.15105151507517,Berkovec,Stanislav,ANO2011,ANO,2. pol. 2024
6147,33.9241545460956,-18.87220828084964,2.533519117175763,Pekarová Adamová,Markéta,Spolu,TOP09,2. pol. 2024
6150,-38.287175362787025,21.150281046894143,-4.110307349833014,Babiš,Andrej,ANO2011,ANO,2. pol. 2024
6154,33.90913641252432,-18.855593744892673,1.3048379019666607,Ženíšek,Marek,Spolu,TOP09,2. pol. 2024
6158,-40.99975409655513,23.08815019180531,-6.838951721971223,Rais,Karel,ANO2011,ANO,2. pol. 2024
6165,-38.99113638275704,21.376487351910335,-2.6903801407074193,Vondráček,Radek,ANO2011,ANO,2. pol. 2024
6166,-39.32422708047151,21.66516899914973,-7.305332763535498,Volný,Jan,ANO2011,ANO,2. pol. 2024
6168,-38.71986476488159,21.770718721409406,-5.27003248699854,Válková,Helena,ANO2011,ANO,2. pol. 2024
6172,-42.192949904853066,23.529317558513714,-7.136917754977776,Okleštěk,Ladislav,ANO2011,ANO,2. pol. 2024
6176,33.73975457497488,-18.551541250257994,1.8791866997416902,Nováková,Nina,Spolu,KDU-ČSL,2. pol. 2024
6177,-40.41940723891724,22.48393006901155,-5.49422269274767,Balaštíková,Margita,ANO2011,ANO,2. pol. 2024
6178,33.09252124093602,-18.268537440929286,2.255669047382273,Bartošek,Jan,Spolu,KDU-ČSL,2. pol. 2024
6179,33.248723429346335,-18.495492150903242,-0.9732884706099945,Benešík,Ondřej,Spolu,KDU-ČSL,2. pol. 2024
6184,-39.890214389046555,22.080613566005265,-6.7195109914809015,Brabec,Richard,ANO2011,ANO,2. pol. 2024
6185,-40.59988841678394,22.643653627336096,-7.1199140533442815,Brázdil,Milan,ANO2011,ANO,2. pol. 2024
6190,-39.87079742650742,22.115167589517924,-5.635902022461458,Faltýnek,Jaroslav,ANO2011,ANO,2. pol. 2024
6201,-39.76443681249556,21.931142530169794,-5.698139644655725,Janulík,Miloslav,ANO2011,ANO,2. pol. 2024
6205,34.98512786642318,-19.297237894417425,3.8483088213531236,Jurečka,Marian,Spolu,KDU-ČSL,2. pol. 2024
6207,33.55707049338122,-18.567082984741205,2.041723856869267,Kaňkovský,Vít,Spolu,KDU-ČSL,2. pol. 2024
6209,-42.5804182181892,24.32342026661629,-16.870605074555503,Kasal,David,ANO2011,ANO,2. pol. 2024
6211,-40.22592472882309,22.26731219225893,-4.668954622520147,Kolovratník,Martin,ANO2011,ANO,2. pol. 2024
6214,32.57971560111646,-17.996569621771368,1.4122969303445554,Kovářová,Věra,Pirati+STAN,STAN,2. pol. 2024
6215,-40.27271173564927,22.43145033017118,-5.833502060940205,Kubíček,Roman,ANO2011,ANO,2. pol. 2024
6216,32.79089858629846,-17.703177219858375,3.788410523450675,Kučera,Michal,Spolu,TOP09,2. pol. 2024
6225,-41.02247342847974,22.895945341773025,-7.918814382077026,Pastuchová,Jana,ANO2011,ANO,2. pol. 2024
6240,-39.659540354879134,22.268341511400504,-5.629126419696848,Tureček,Karel,ANO2011,ANO,2. pol. 2024
6246,-39.39125355312008,21.8007102399496,-6.556118556806952,Kott,Josef,ANO2011,ANO,2. pol. 2024
6254,-40.32890889607525,22.411884102188495,-6.553553544548937,Adámková,Věra,ANO2011,ANO,2. pol. 2024
6292,33.46220396732136,-18.717677091219837,1.2407150766614938,Golasowská,Pavla,Spolu,KDU-ČSL,2. pol. 2024
6409,-40.60434985611442,22.49279815379259,-6.2194413292672746,Petrtýl,František,ANO2011,ANO,2. pol. 2024
6418,32.84520196899536,-18.16180870405036,0.8467499655119669,Skopeček,Jan,Spolu,ODS,2. pol. 2024
6428,-39.92733945620483,22.03597831166663,-5.339967207169483,Babišová,Andrea,ANO2011,ANO,2. pol. 2024
6431,-40.89032817850612,22.683202692408866,-7.224134228447496,Dražilová,Lenka,ANO2011,ANO,2. pol. 2024
6433,11.66613643698114,-0.06040022569656303,5.9901494322389,Bartoš,Ivan,Pirati+STAN,Piráti,2. pol. 2024
6435,33.39338035306774,-18.620802585536335,-0.27247639327086537,Baxa,Martin,Spolu,ODS,2. pol. 2024
6436,32.591989634543715,-18.35688605444932,-0.6096371686236394,Beitl,Petr,Spolu,ODS,2. pol. 2024
6437,-40.15069126093197,22.326056293537494,-5.3417282952636995,Bělica,Josef,ANO2011,ANO,2. pol. 2024
6438,33.69262871922692,-18.6519634516212,0.7279323042041413,Blaha,Stanislav,Spolu,ODS,2. pol. 2024
6445,-37.382281555579326,19.436227841244055,16.20565255776693,Dvořák,Jaroslav,Svoboda a prima demokracie - Tomio Okamura,SPD,2. pol. 2024
6447,-40.204643365438166,22.042397213625467,-7.826952145030305,Farhan,Kamal,ANO2011,ANO,2. pol. 2024
6448,-40.829126342697215,22.773498584045345,-5.805185980904927,Feranec,Milan,ANO2011,ANO,2. pol. 2024
6451,-40.66363677661183,22.6114721926015,-4.696487147478254,Fridrich,Stanislav,ANO2011,ANO,2. pol. 2024
6455,-39.188633347374065,20.977468861946466,18.812027537693623,Hrnčíř,Jan,Svoboda a prima demokracie - Tomio Okamura,SPD,2. pol. 2024
6457,-40.714197358071495,22.566414106193818,-5.6820263046690425,Fialová,Eva,ANO2011,ANO,2. pol. 2024
6458,-40.97590246279355,22.947700884179365,-7.978576078323784,Jáč,Ivan,ANO2011,ANO,2. pol. 2024
6459,33.34458946620318,-18.33839514009487,0.41835862827595477,Janda,Jakub,Spolu,ODS,2. pol. 2024
6463,-39.31601304830234,22.0343783636151,-4.899607782922521,Juchelka,Aleš,ANO2011,ANO,2. pol. 2024
6466,34.065428748903145,-18.838143254071277,1.653862950050526,Krutáková,Jana,Pirati+STAN,STAN,2. pol. 2024
6468,-40.2335518848899,22.541453613804567,-5.941635377488403,Malá,Taťána,ANO2011,ANO,2. pol. 2024
6469,-39.105280980042046,20.941213850328413,17.154867186085212,Maříková,Karla,Svoboda a prima demokracie - Tomio Okamura,SPD,2. pol. 2024
6473,11.967601561792646,-0.304641042492306,4.434746165823966,Richterová,Olga,Pirati+STAN,Piráti,2. pol. 2024
6474,-40.149427047619106,22.134790832768225,-5.652256355105732,Ožanová,Zuzana,ANO2011,ANO,2. pol. 2024
6475,-40.410688196747905,22.2957955674558,-7.014225145820725,Oborná,Monika,ANO2011,ANO,2. pol. 2024
6477,11.557914789324988,0.011068318525144788,6.076627215179586,Michálek,Jakub,Pirati+STAN,Piráti,2. pol. 2024
6479,-39.51749602221332,21.14579995432115,15.769002059685336,Šafránková,Lucie,Svoboda a prima demokracie - Tomio Okamura,SPD,2. pol. 2024
6482,34.56002677171322,-19.677561337151143,-0.6005128362016452,Válek,Vlastimil,Spolu,TOP09,2. pol. 2024
6484,-39.86726050669888,22.035017852648647,-5.975771323857703,Štolpa,David,ANO2011,ANO,2. pol. 2024
6486,32.835506244897,-18.363399267231916,-0.05343728761302532,Munzar,Vojtěch,Spolu,ODS,2. pol. 2024
6487,-40.15995263775125,22.326426700716606,-5.0914544263843045,Nacher,Patrik,ANO2011,ANO,2. pol. 2024
6490,-41.06515044885619,22.742301879744442,-8.707523611121223,Vrána,Petr,ANO2011,ANO,2. pol. 2024
6492,31.395983116994874,-18.306181371031062,0.15678174897377326,Vondrák,Ivo,ANO2011,Nezařaz,2. pol. 2024
6495,-40.02688374346662,21.52638081055432,17.569537649560814,Vích,Radovan,Svoboda a prima demokracie - Tomio Okamura,SPD,2. pol. 2024
6500,-40.48242889327267,22.579137650959257,-7.244117617363812,Richter,Jan,ANO2011,ANO,2. pol. 2024
6503,-39.461425541536634,20.840851395468523,12.96984123334288,Kobza,Jiří,Svoboda a prima demokracie - Tomio Okamura,SPD,2. pol. 2024
6505,-40.27988901619419,22.322604887882914,-6.834252854203827,Špičák,Julius,ANO2011,ANO,2. pol. 2024
6506,-40.19717684557277,22.21217151965841,-5.955174377066265,Kohoutek,Tomáš,ANO2011,ANO,2. pol. 2024
6508,-39.23948368437651,20.793889854924867,17.047293346639712,Koten,Radek,Svoboda a prima demokracie - Tomio Okamura,SPD,2. pol. 2024
6509,-40.53132681857294,22.611315313440517,-5.981085564267144,Králíček,Robert,ANO2011,ANO,2. pol. 2024
6510,32.867351089065316,-18.407954163366597,1.6828556232450744,Krejza,Karel,Spolu,ODS,2. pol. 2024
6511,-40.489003775767834,22.49004508847901,-6.648319396587861,Kubík,Jan,ANO2011,ANO,2. pol. 2024
6513,33.43996415674502,-18.588781753596948,1.6837663078573142,Výborný,Marek,Spolu,KDU-ČSL,2. pol. 2024
6515,-40.7188819347944,22.5555119222734,-6.32491304409893,Strýček,Jiří,ANO2011,ANO,2. pol. 2024
6518,-40.29960930794857,22.357910717684085,-6.398306734154162,Sadovský,Petr,ANO2011,ANO,2. pol. 2024
6520,-40.65948641393309,22.531876062088813,-6.846809402485368,Růžička,Pavel,ANO2011,ANO,2. pol. 2024
6521,-39.08278626351137,20.76880013588722,14.760074819728766,Rozvoral,Radek,Svoboda a prima demokracie - Tomio Okamura,SPD,2. pol. 2024
6523,-40.01731287300026,21.749004399509328,-5.8296078634121145,Ratiborský,Michal,ANO2011,ANO,2. pol. 2024
6524,34.12785179314727,-19.0960840278218,0.1337678814744842,Rakušan,Vít,Pirati+STAN,STAN,2. pol. 2024
6527,-39.22293063082397,21.911647394009254,-8.105411017020765,Pražák,David,ANO2011,ANO,2. pol. 2024
6533,-40.319269588214375,22.300501786172706,-6.417731491143169,Novák,Marek,ANO2011,ANO,2. pol. 2024
6534,-40.500045059145506,22.505162960422975,-4.573844723210571,Mašek,Jiří,ANO2011,ANO,2. pol. 2024
6538,33.67159198063577,-18.49713325762753,2.7210099488095976,Kupka,Martin,Spolu,ODS,2. pol. 2024
6544,-40.93075047517072,22.78539673465869,-5.418642753598557,Metnar,Lubomír,ANO2011,ANO,2. pol. 2024
6545,-40.7367720377097,22.527178205789063,-6.876105032746526,Schillerová,Alena,ANO2011,ANO,2. pol. 2024
6555,32.74848001588651,-18.1131550193377,0.7688601384471705,Philipp,Tom,Spolu,KDU-ČSL,2. pol. 2024
6621,-40.57062194338945,22.619840559454808,-6.524010770209529,Havlíček,Karel,ANO2011,ANO,2. pol. 2024
6623,-36.66420478708597,20.41614925451555,-5.56294827148662,Babka,Ondřej,ANO2011,ANO,2. pol. 2024
6687,33.96467463383535,-18.814773738416132,2.029234319744189,Jakob,Jan,Spolu,TOP09,2. pol. 2024
6688,-40.63532221915574,22.58860441891175,-7.82129129409108,Samaš,Miroslav,ANO2011,ANO,2. pol. 2024
6719,32.86817872336645,-18.401859466323703,0.0022993795181075125,Bačíková,Jana,Spolu,ODS,2. pol. 2024
6720,33.10706594307683,-18.27476307733538,2.95174257714374,Bělohlávková,Romana,Spolu,KDU-ČSL,2. pol. 2024
6721,32.853302088188045,-18.17047727814856,2.0361388967244944,Bělor,Roman,Pirati+STAN,STAN,2. pol. 2024
6722,33.17002874937389,-18.44091108335526,1.2383005890838077,Berki,Jan,Pirati+STAN,STAN,2. pol. 2024
6723,-40.735166356847884,22.620285494526748,-6.181122165217207,Berkovcová,Jana,ANO2011,ANO,2. pol. 2024
6724,33.4553631899867,-18.72453971740787,-1.7069955598633544,Bernard,Josef,Pirati+STAN,STAN,2. pol. 2024
6725,-40.39868792109514,22.40929127593203,-7.83437994527658,Brož,Lubomír,ANO2011,ANO,2. pol. 2024
6726,-39.10327752991713,20.78081305069039,14.920204922584068,Černý,Oldřich,Svoboda a prima demokracie - Tomio Okamura,SPD,2. pol. 2024
6727,33.21727411415486,-18.303527843014695,0.21675951812190844,Decroix,Eva,Spolu,ODS,2. pol. 2024
6728,34.00363636276024,-18.84489888660453,1.4561611654093662,Dubský,Tomáš,Pirati+STAN,STAN,2. pol. 2024
6729,34.14317390303657,-18.780780295389455,1.2557076264808842,Dufek,Aleš,Spolu,KDU-ČSL,2. pol. 2024
6730,-40.454501543502154,22.394152930481443,-6.387884995718603,Wenzl,Lubomír,ANO2011,ANO,2. pol. 2024
6731,-40.01848429993227,21.998341538595955,-5.4931021928552894,Wenzl,Milan,ANO2011,ANO,2. pol. 2024
6732,-39.17822899176618,21.631614209484354,-6.168787386770328,Mádlová,Ivana,ANO2011,ANO,2. pol. 2024
6733,33.46698642918492,-18.494516886028926,1.238339469048683,Major,Martin,Spolu,ODS,2. pol. 2024
6734,34.48717364791691,-18.98257278918692,2.488698705255983,Liška,Petr,Pirati+STAN,STAN,2. pol. 2024
6735,33.18950226054326,-18.429525334366414,1.1077719416679577,Kuchař,Jan,Pirati+STAN,STAN,2. pol. 2024
6736,-40.54246899211343,22.55772484482031,-7.72914078384254,Kukla,Martin,ANO2011,ANO,2. pol. 2024
6737,33.384793341732475,-18.400190689288134,1.1255572222502148,Lacina,Jan,Pirati+STAN,STAN,2. pol. 2024
6738,-40.57734834880734,22.535646249816875,-6.5120143710177265,Lang,Hubert,ANO2011,ANO,2. pol. 2024
6739,34.063569943987915,-18.907321665486343,0.11255979729800988,Letocha,Petr,Pirati+STAN,STAN,2. pol. 2024
6740,-39.14501042707761,20.794847239947135,15.947697590540386,Sládeček,Karel,Svoboda a prima demokracie - Tomio Okamura,SPD,2. pol. 2024
6741,34.00837149134003,-18.84462268637625,1.5667256846078592,Slavík,Jiří,Spolu,TOP09,2. pol. 2024
6742,31.826311348506692,-17.54119956519902,2.47304712782819,Smetana,Karel,Spolu,KDU-ČSL,2. pol. 2024
6743,-40.559187232926035,22.438240256181917,-5.666443910707275,Stržínek,Robert,ANO2011,ANO,2. pol. 2024
6744,31.992611198585983,-17.83459066961313,1.3435845447639112,Salvetr,Rudolf,Spolu,ODS,2. pol. 2024
6745,-39.35347197715227,20.874905818987358,15.861684632311041,Pošarová,Marie,Svoboda a prima demokracie - Tomio Okamura,SPD,2. pol. 2024
6746,32.866857541889935,-18.00227215088912,0.28634978707749653,Potůčková,Lucie,Pirati+STAN,STAN,2. pol. 2024
6747,34.02394362426533,-18.719665207599327,1.100185166825232,Exner,Martin,Pirati+STAN,STAN,2. pol. 2024
6748,33.92394107087755,-18.622360165879073,0.47707213711034785,Fifka,Petr,Spolu,ODS,2. pol. 2024
6749,-40.88196458695287,23.288515723985107,-7.205398355594909,Fischerová,Romana,ANO2011,ANO,2. pol. 2024
6750,32.955976774980236,-18.07914136680233,1.5337467306236054,Flek,Josef,Pirati+STAN,STAN,2. pol. 2024
6751,33.636361538541486,-18.537445380713258,0.5079431481343429,Haas,Karel,Spolu,ODS,2. pol. 2024
6752,33.04474767928612,-18.262626242060364,0.311815176389736,Hájek,Martin,Pirati+STAN,STAN,2. pol. 2024
6753,-40.126643098992595,22.17985672165499,-5.327852965226256,Hanzlíková,Jana,ANO2011,ANO,2. pol. 2024
6754,33.9720648476973,-18.863192330398636,2.3651047396470855,Havel,Matěj Ondřej,Spolu,TOP09,2. pol. 2024
6755,33.887317218101536,-18.635869833565444,0.3991943391978602,Havránek,Jiří,Spolu,ODS,2. pol. 2024
6756,-40.34748680108973,22.5458444815281,-6.690435151163184,Helebrant,Tomáš,ANO2011,ANO,2. pol. 2024
6757,32.67219231935138,-18.113034410514175,0.8154232530875424,Heller,Šimon,Spolu,KDU-ČSL,2. pol. 2024
6758,-40.76871610094186,22.662122498931673,-7.4071586973860875,Hendrych,Igor,ANO2011,ANO,2. pol. 2024
6759,32.625243674048775,-18.082444692910844,-0.0876607344474504,Hofmann,Jan,Spolu,ODS,2. pol. 2024
6761,34.41217090917589,-19.117273306886908,2.881484281979934,Quittová,Petra,Pirati+STAN,STAN,2. pol. 2024
6762,33.55520554526513,-18.634342154130323,1.7942030054139908,Pivoňka Vaňková,Pavla,Pirati+STAN,STAN,2. pol. 2024
6763,33.4850502155506,-18.371683505690573,1.3778608299829749,Šebelová,Michaela,Pirati+STAN,STAN,2. pol. 2024
6764,32.59731804183239,-17.337738729148764,3.0420926407689617,Jílková,Marie,Spolu,KDU-ČSL,2. pol. 2024
6765,33.77923141450913,-18.714104174618377,0.2967218750752406,Kašník,Pavel,Spolu,ODS,2. pol. 2024
6766,33.931756932231224,-18.738845981456297,1.1403384489637998,Olšáková,Eliška,Pirati+STAN,STAN,2. pol. 2024
6767,33.56654791905972,-18.635403782761482,1.4039009677024996,Opltová,Michaela,Pirati+STAN,STAN,2. pol. 2024
6768,33.66185065364571,-18.670655722130387,2.8405735609083362,Nový,Miloš,Spolu,TOP09,2. pol. 2024
6769,33.99056274295737,-18.677051585117262,1.579520397869491,Okamura,Hayato,Spolu,KDU-ČSL,2. pol. 2024
6770,-40.42309613790913,22.373715197847844,-6.26752892211683,Oulehlová,Renata,ANO2011,ANO,2. pol. 2024
6771,34.59045123896637,-18.980823844676912,2.883338482382222,Naiclerová,Hana,Pirati+STAN,STAN,2. pol. 2024
6772,33.40528844253525,-18.332900407990838,1.183097784283555,Müller,Tomáš,Pirati+STAN,STAN,2. pol. 2024
6773,-37.5406288817002,19.650331164285365,17.675960231654983,Kettner,Zdeněk,Svoboda a prima demokracie - Tomio Okamura,SPD,2. pol. 2024
6774,34.227628919061615,-18.91363954167838,2.1482083159973095,Klíma,Pavel,Spolu,TOP09,2. pol. 2024
6775,-40.41235764703205,22.35578826486343,-6.059450413788524,Knechtová,Lenka,ANO2011,ANO,2. pol. 2024
6776,11.494903822368004,0.05770181949383782,4.4998094891321525,Kocmanová,Klára,Pirati+STAN,Piráti,2. pol. 2024
6777,33.052348953271775,-18.375239039550156,1.7345302055418441,Kohajda,Michael,Spolu,KDU-ČSL,2. pol. 2024
6778,33.29966575142871,-18.475608246008026,0.4320559054439516,Ochodnická,Martina,Spolu,TOP09,2. pol. 2024
6780,-39.774160459436416,21.975517847722006,-5.771912808307702,Peštová,Berenika,ANO2011,ANO,2. pol. 2024
6781,33.05869214655857,-18.266109082134278,1.3793532902731533,Rataj,Michael,Pirati+STAN,STAN,2. pol. 2024
6782,-40.679364406691626,22.580983374791796,-8.010866953529124,Ryba,Drahoslav,ANO2011,ANO,2. pol. 2024
6783,-39.892897525754044,21.38417537665811,16.327960281424293,Síla,Jan,Svoboda a prima demokracie - Tomio Okamura,SPD,2. pol. 2024
6785,-39.03166053281356,20.917268497106868,15.144960555509243,Štefanová,Iveta,Svoboda a prima demokracie - Tomio Okamura,SPD,2. pol. 2024
6786,33.96733293204065,-18.674650596953875,1.8271161094530082,Teleky,Róbert,Spolu,KDU-ČSL,2. pol. 2024
6787,33.82946010073314,-18.59594831946931,0.5126855105820698,Turek,Libor,Spolu,ODS,2. pol. 2024
6788,33.64124621536153,-18.358726588889322,1.1475216306642242,Urbanová,Barbora,Pirati+STAN,STAN,2. pol. 2024
6789,34.118924295286796,-18.868973017502014,1.7166165870178478,Vlček,Lukáš,Pirati+STAN,STAN,2. pol. 2024
6790,34.01447218888478,-18.844701846776577,0.7536293663000491,Voborská,Milada,Pirati+STAN,STAN,2. pol. 2024
6791,33.883343118495596,-18.59788188090145,1.405540139622623,Vojtko,Viktor,Pirati+STAN,STAN,2. pol. 2024
6792,32.305502037616606,-18.066613133618695,1.137776142563181,Vomáčka,Vít,Spolu,ODS,2. pol. 2024
6793,32.91691569997203,-18.134089899188755,1.331876117800345,Zajíčková,Renáta,Spolu,ODS,2. pol. 2024
6794,33.68539486792055,-18.45723810664012,1.4382549566198248,Zborovský,Miroslav,Spolu,KDU-ČSL,2. pol. 2024
6795,-39.99310212897999,21.308718942574004,15.528641452830128,Zlínský,Vladimír,Svoboda a prima demokracie - Tomio Okamura,SPD,2. pol. 2024
6796,33.67440656033199,-18.495569747928272,1.1338085375927616,Zuna,Michal,Spolu,TOP09,2. pol. 2024
6797,33.57172276887397,-18.462229799373386,1.4793602483386081,Balaš,Vladimír,Pirati+STAN,STAN,2. pol. 2024
6798,32.44067496770145,-18.105959299973698,1.1412553464730768,Hájek,Jiří,Pirati+STAN,STAN,2. pol. 2024
6800,33.049848471054595,-18.65938539535342,2.775548676310316,Král,Václav,Spolu,ODS,2. pol. 2024
6801,31.812878547617988,-17.319612001695,-1.2798242682910788,Navrátil,Jiří,Spolu,KDU-ČSL,2. pol. 2024
6802,33.527682725709845,-18.735702424679328,2.8848750210450733,Svoboda,Pavel,Spolu,TOP09,2. pol. 2024
6803,33.15966521519486,-18.303689238176172,0.2847021618491724,Horák,Jiří,Spolu,KDU-ČSL,2. pol. 2024
6804,32.470512398701075,-18.043152317179178,0.8756309014156348,Němečková Crkvenjaš,Zdenka,Spolu,ODS,2. pol. 2024
6809,33.775613767438415,-18.738695158969666,1.617094727162982,Levko,Jarmila,Pirati+STAN,STAN,2. pol. 2024
6925,-39.08184274092964,20.893274528859433,15.02323535289644,Dlask,Marcel,Svoboda a prima demokracie - Tomio Okamura,SPD,2. pol. 2024
6937,33.762706799364885,-18.73647524934306,1.660868604572897,Dlouhý,Martin,Spolu,TOP09,2. pol. 2024
6939,-40.632595543625726,22.480984234067336,-6.003096553186419,Dědeček,Jaromír,ANO2011,ANO,2. pol. 2024
6940,-40.48340791112799,22.41323499725434,-6.782661527767756,Bláhová,Kamila,ANO2011,ANO,2. pol. 2024
6946,-41.465021415676794,23.04100596595518,-6.086307473731125,Váňa,Josef,ANO2011,ANO,2. pol. 2024
6947,33.616749211217375,-18.557020790350226,-0.7075476449930027,Doušová,Silvia,Pirati+STAN,STAN,2. pol. 2024
4,33.71612082835701,-19.135703578075145,0.9072595202185789,Benda,Marek,Spolu,ODS,1. pol. 2025
346,32.24422909895529,-18.388423340577685,-5.525089241533124,Bendl,Petr,Spolu,ODS,1. pol. 2025
5226,32.64313014413306,-18.411530904427558,-3.607921443761479,Žáček,Pavel,Spolu,ODS,1. pol. 2025
5332,33.81683076984682,-18.87366670429644,-3.6873052524306473,Tesařík,Antonín,Spolu,KDU-ČSL,1. pol. 2025
5379,28.010383935557,-15.448313369950936,-11.220223168790866,Bauer,Jan,Spolu,ODS,1. pol. 2025
5449,34.210534725863795,-19.179404221390474,-3.859597327815179,Carbol,Jiří,Spolu,KDU-ČSL,1. pol. 2025
5459,-38.62427806116741,20.965607705261718,24.9705757021089,Fiala,Radim,Svoboda a prima demokracie - Tomio Okamura,SPD,1. pol. 2025
5477,-35.95832208271958,19.239559911741726,21.458793014896543,Lesenská,Vladimíra,Svoboda a prima demokracie - Tomio Okamura,SPD,1. pol. 2025
5700,33.134557317756936,-18.61006080511448,-2.247524026753038,Adamec,Ivan,Spolu,ODS,1. pol. 2025
5899,32.27000954114134,-18.50532060027483,-1.1227535421348331,Bureš,Jan,Spolu,ODS,1. pol. 2025
5901,34.04158338129928,-18.963002722355064,-2.185557045432728,Cogan,Josef,Pirati+STAN,STAN,1. pol. 2025
5903,34.06319005558017,-19.04986758787977,-2.7227285301283266,Černochová,Jana,Spolu,ODS,1. pol. 2025
5911,-35.61123080670822,19.18166512580556,20.753175400990454,Foldyna,Jaroslav,Svoboda a prima demokracie - Tomio Okamura,SPD,1. pol. 2025
5914,32.072925604590026,-17.6455149128537,1.0499697614832908,Gazdík,Petr,Pirati+STAN,STAN,1. pol. 2025
5931,33.17982519079851,-18.71282610392465,-2.6658217868715743,Jirout,Radim,Spolu,ODS,1. pol. 2025
5943,35.127674574837094,-19.61755892351967,1.5855703160591343,Langšádlová,Helena,Spolu,TOP09,1. pol. 2025
5968,35.65016692372174,-20.171415648358952,-5.524248003350717,Staněk,Pavel,Spolu,ODS,1. pol. 2025
5969,32.59404258706586,-18.307420641097867,-3.607821752108517,Stanjura,Zbyněk,Spolu,ODS,1. pol. 2025
6007,34.04343497781526,-19.239727137281847,-7.40139376442383,Svoboda,Bohuslav,Spolu,ODS,1. pol. 2025
6074,35.26848385909662,-19.95830453112708,-3.1401675457337572,Fiala,Petr,Spolu,ODS,1. pol. 2025
6079,32.97798489870572,-18.594606839064127,-3.9825621276129644,Blažek,Pavel,Spolu,ODS,1. pol. 2025
6105,-35.49755655657174,18.208774944715234,22.17491875217699,Okamura,Tomio,Svoboda a prima demokracie - Tomio Okamura,SPD,1. pol. 2025
6138,33.11865293845315,-18.5040582064259,-4.565818534918944,Bělobrádek,Pavel,Spolu,KDU-ČSL,1. pol. 2025
6143,-39.72874591672156,22.262739857478863,-0.672612318030795,Berkovec,Stanislav,ANO2011,ANO,1. pol. 2025
6147,35.17439399880212,-19.599871516434256,1.534897823943908,Pekarová Adamová,Markéta,Spolu,TOP09,1. pol. 2025
6150,-41.414228994065105,23.412899689667785,9.058825198923545,Babiš,Andrej,ANO2011,ANO,1. pol. 2025
6154,33.999479874182946,-19.009043011381,-2.593730434854481,Ženíšek,Marek,Spolu,TOP09,1. pol. 2025
6158,-40.36445730988516,22.575626566301917,0.18572959481614099,Rais,Karel,ANO2011,ANO,1. pol. 2025
6165,-32.44375875530738,18.16288645624704,3.3861534276921987,Vondráček,Radek,ANO2011,ANO,1. pol. 2025
6166,-39.09369745599557,21.938154243524675,0.14303843137133437,Volný,Jan,ANO2011,ANO,1. pol. 2025
6168,-39.62565502386233,21.984579952968208,-6.13457084844005,Válková,Helena,ANO2011,ANO,1. pol. 2025
6172,-40.99450212496306,22.943569502941372,-3.528187361917132,Okleštěk,Ladislav,ANO2011,ANO,1. pol. 2025
6176,32.93683655452314,-18.549688647043283,-3.0353685845000205,Nováková,Nina,Spolu,KDU-ČSL,1. pol. 2025
6177,-21.883235115492976,11.839696336482925,-2.7569695467278508,Balaštíková,Margita,ANO2011,ANO,1. pol. 2025
6178,33.07562632354035,-18.547555363353606,-2.152736727494886,Bartošek,Jan,Spolu,KDU-ČSL,1. pol. 2025
6179,34.41966101700824,-19.069864316370253,-2.004442668798439,Benešík,Ondřej,Spolu,KDU-ČSL,1. pol. 2025
6184,-30.637189937378132,17.092696782933412,-9.502458315906535,Brabec,Richard,ANO2011,ANO,1. pol. 2025
6185,-39.34884712194863,22.30587044706792,14.184376911271288,Brázdil,Milan,ANO2011,ANO,1. pol. 2025
6190,-40.68065991135573,22.88376391493984,-0.5212131713018199,Faltýnek,Jaroslav,ANO2011,ANO,1. pol. 2025
6201,-39.53792771476922,22.212858015494113,-0.08374980528270119,Janulík,Miloslav,ANO2011,ANO,1. pol. 2025
6205,34.357915037013484,-19.219152586732804,-3.048702989734822,Jurečka,Marian,Spolu,KDU-ČSL,1. pol. 2025
6207,33.6542951122702,-18.76995395054145,-3.576518684575837,Kaňkovský,Vít,Spolu,KDU-ČSL,1. pol. 2025
6211,-39.71861181714484,22.290931942973728,-1.8331591488634122,Kolovratník,Martin,ANO2011,ANO,1. pol. 2025
6214,34.878930366515036,-19.550349133953212,-3.7701171310902013,Kovářová,Věra,Pirati+STAN,STAN,1. pol. 2025
6215,-36.17010921056021,20.427620966212643,-2.7270848644819075,Kubíček,Roman,ANO2011,ANO,1. pol. 2025
6216,34.05796725150902,-19.114109149577132,-2.3694627559673926,Kučera,Michal,Spolu,TOP09,1. pol. 2025
6225,-39.95477035329305,22.450212431643745,-1.6724761083440052,Pastuchová,Jana,ANO2011,ANO,1. pol. 2025
6240,-39.020410110212794,22.03658467587181,-2.6476608874924272,Tureček,Karel,ANO2011,ANO,1. pol. 2025
6246,-39.49266168261811,22.282225775418777,-1.016793416166963,Kott,Josef,ANO2011,ANO,1. pol. 2025
6254,-39.753788196369406,22.29105797578979,-0.5963321681380221,Adámková,Věra,ANO2011,ANO,1. pol. 2025
6292,34.18248475328836,-19.178194681302735,-4.065497882378096,Golasowská,Pavla,Spolu,KDU-ČSL,1. pol. 2025
6409,-39.024772173377386,21.93528011426495,-1.398467684373719,Petrtýl,František,ANO2011,ANO,1. pol. 2025
6418,33.4619770568827,-18.854881875866536,-4.121474890139975,Skopeček,Jan,Spolu,ODS,1. pol. 2025
6428,-38.868903740408825,21.627238616454527,-0.3770229859732752,Babišová,Andrea,ANO2011,ANO,1. pol. 2025
6431,-40.28304424147381,22.457884104771807,-3.145612168597786,Dražilová,Lenka,ANO2011,ANO,1. pol. 2025
6433,3.668405898749033,1.556100285587598,4.181715400505769,Bartoš,Ivan,Pirati+STAN,Piráti,1. pol. 2025
6435,31.715563108133704,-17.950476752832927,-12.332123308312044,Baxa,Martin,Spolu,ODS,1. pol. 2025
6436,33.34114383088421,-18.845446559927872,-3.8398685005175617,Beitl,Petr,Spolu,ODS,1. pol. 2025
6437,-41.35834199293599,22.98880064037715,-8.670747840086033,Bělica,Josef,ANO2011,ANO,1. pol. 2025
6438,33.23203110987857,-18.80285208708673,-3.8395845008427405,Blaha,Stanislav,Spolu,ODS,1. pol. 2025
6445,-36.91688844062955,19.90178651637445,21.794280919446376,Dvořák,Jaroslav,Svoboda a prima demokracie - Tomio Okamura,SPD,1. pol. 2025
6447,-39.236915147408986,21.745314536538963,-5.125053352828303,Farhan,Kamal,ANO2011,ANO,1. pol. 2025
6451,-41.29092790300085,22.92966545388294,-8.751229989535757,Fridrich,Stanislav,ANO2011,ANO,1. pol. 2025
6455,-34.870764716177575,18.557027060485574,23.292881508785058,Hrnčíř,Jan,Svoboda a prima demokracie - Tomio Okamura,SPD,1. pol. 2025
6457,-39.33794057348159,21.943458928640446,-0.8343225888500894,Fialová,Eva,ANO2011,ANO,1. pol. 2025
6458,-34.67581368737672,18.890559853872244,-5.379068056355069,Jáč,Ivan,ANO2011,ANO,1. pol. 2025
6459,33.34624040644983,-18.843125606714157,-3.841936068003511,Janda,Jakub,Spolu,ODS,1. pol. 2025
6463,-39.43037138414585,22.192018579041395,-1.716537270850146,Juchelka,Aleš,ANO2011,ANO,1. pol. 2025
6466,33.76820032576832,-18.959275553597273,-3.8723410903095044,Krutáková,Jana,Pirati+STAN,STAN,1. pol. 2025
6468,-39.37966453535019,22.10511574190677,-1.7054188550133405,Malá,Taťána,ANO2011,ANO,1. pol. 2025
6469,-36.92509601107672,19.833432655177333,22.028218869997147,Maříková,Karla,Svoboda a prima demokracie - Tomio Okamura,SPD,1. pol. 2025
6473,6.581170372139478,0.21528813475249522,0.7994366215895327,Richterová,Olga,Pirati+STAN,Piráti,1. pol. 2025
6474,-39.29097346720705,21.758577068871507,0.5392862039811834,Ožanová,Zuzana,ANO2011,ANO,1. pol. 2025
6475,-39.77750707146005,22.556738533720623,-2.385765336143481,Oborná,Monika,ANO2011,ANO,1. pol. 2025
6477,4.276307310088498,1.5036310256590166,1.4408807057088415,Michálek,Jakub,Pirati+STAN,Piráti,1. pol. 2025
6479,-37.41337994467603,20.132335678937753,20.632558753769302,Šafránková,Lucie,Svoboda a prima demokracie - Tomio Okamura,SPD,1. pol. 2025
6482,34.694098043996526,-19.45969735934881,0.040453066638681354,Válek,Vlastimil,Spolu,TOP09,1. pol. 2025
6484,-39.10043063467092,22.044361602786935,-0.7845043353652813,Štolpa,David,ANO2011,ANO,1. pol. 2025
6486,32.637510799300046,-18.511410891000494,-3.3755281340086425,Munzar,Vojtěch,Spolu,ODS,1. pol. 2025
6487,-39.23792751741712,22.250279526627992,-2.237124957504216,Nacher,Patrik,ANO2011,ANO,1. pol. 2025
6490,-40.69310806657911,22.795264649173895,-4.252784990356557,Vrána,Petr,ANO2011,ANO,1. pol. 2025
6492,31.84817178030882,-18.080865522340172,-12.32510807115483,Vondrák,Ivo,ANO2011,Nezařaz,1. pol. 2025
6495,-36.89196236126008,20.120012080113874,22.523412993064806,Vích,Radovan,Svoboda a prima demokracie - Tomio Okamura,SPD,1. pol. 2025
6500,-40.136260285530035,22.693897025095858,-1.5347555827584094,Richter,Jan,ANO2011,ANO,1. pol. 2025
6503,-36.87482637150015,19.793412718589956,21.25995210453374,Kobza,Jiří,Svoboda a prima demokracie - Tomio Okamura,SPD,1. pol. 2025
6505,-40.1353678827433,22.635325671294044,-1.1911627237667004,Špičák,Julius,ANO2011,ANO,1. pol. 2025
6506,-40.36158814324926,22.756701400799628,-0.20070452420886312,Kohoutek,Tomáš,ANO2011,ANO,1. pol. 2025
6508,-36.96551462466748,19.719059957250554,22.52531121399808,Koten,Radek,Svoboda a prima demokracie - Tomio Okamura,SPD,1. pol. 2025
6509,-39.27596072063624,22.08765942270736,-2.147372126660492,Králíček,Robert,ANO2011,ANO,1. pol. 2025
6510,33.61749001273485,-18.989568750502542,-4.363374561930863,Krejza,Karel,Spolu,ODS,1. pol. 2025
6511,-38.64852475759528,21.776367224573413,-1.3233706274092167,Kubík,Jan,ANO2011,ANO,1. pol. 2025
6513,33.92527992501615,-19.045287295796992,-4.457938040001443,Výborný,Marek,Spolu,KDU-ČSL,1. pol. 2025
6515,-39.67901414041586,22.36304195806438,-1.8095108794772667,Strýček,Jiří,ANO2011,ANO,1. pol. 2025
6518,-39.49839752617412,22.306124604957542,-2.4595965903342583,Sadovský,Petr,ANO2011,ANO,1. pol. 2025
6520,-35.613934986354025,19.730448104207404,-4.139665853665243,Růžička,Pavel,ANO2011,ANO,1. pol. 2025
6521,-36.718239162560195,19.709866509172272,20.777866268768754,Rozvoral,Radek,Svoboda a prima demokracie - Tomio Okamura,SPD,1. pol. 2025
6523,-38.84352298053438,22.017238821590173,-2.3678339283035363,Ratiborský,Michal,ANO2011,ANO,1. pol. 2025
6524,31.672013254916642,-17.908789436123257,-9.456571143442325,Rakušan,Vít,Pirati+STAN,STAN,1. pol. 2025
6527,-38.62089769181579,21.606498520432694,-4.513868490935506,Pražák,David,ANO2011,ANO,1. pol. 2025
6533,-40.259404747813434,22.677026800136485,-1.5119588796903587,Novák,Marek,ANO2011,ANO,1. pol. 2025
6534,-38.16151773571855,21.327223160021603,-2.5023531886823185,Mašek,Jiří,ANO2011,ANO,1. pol. 2025
6538,34.082248586080695,-19.251109157789166,-0.6835674910873963,Kupka,Martin,Spolu,ODS,1. pol. 2025
6544,-40.328501915941935,22.550510792291295,-4.217671580671371,Metnar,Lubomír,ANO2011,ANO,1. pol. 2025
6545,-40.234932979574054,22.449608255388817,-4.301876348569395,Schillerová,Alena,ANO2011,ANO,1. pol. 2025
6555,33.0980059660585,-18.518063215141446,-3.1628314381923714,Philipp,Tom,Spolu,KDU-ČSL,1. pol. 2025
6621,-40.24140156577375,22.8632629800055,3.7328653164110337,Havlíček,Karel,ANO2011,ANO,1. pol. 2025
6623,-38.63078347465455,21.37086770041005,-4.567356152391136,Babka,Ondřej,ANO2011,ANO,1. pol. 2025
6687,34.04290584797951,-19.009094778230295,-0.6996264832547818,Jakob,Jan,Spolu,TOP09,1. pol. 2025
6688,-39.6661431223475,22.292807695314643,-1.2178927312031165,Samaš,Miroslav,ANO2011,ANO,1. pol. 2025
6719,33.232404079809,-18.76525663878763,-3.902286647527081,Bačíková,Jana,Spolu,ODS,1. pol. 2025
6720,31.438640554388623,-17.62818129812076,-4.348003043583142,Bělohlávková,Romana,Spolu,KDU-ČSL,1. pol. 2025
6721,35.79160308037557,-19.885969103515777,-0.8847670056575264,Bělor,Roman,Pirati+STAN,STAN,1. pol. 2025
6722,31.609449594577608,-17.28640893387287,-1.1531169009248876,Berki,Jan,Pirati+STAN,STAN,1. pol. 2025
6723,-38.08387496676979,21.473513498201275,-1.799379584903425,Berkovcová,Jana,ANO2011,ANO,1. pol. 2025
6724,36.34783526832317,-20.43839392118617,-4.894262513238599,Bernard,Josef,Pirati+STAN,STAN,1. pol. 2025
6725,-38.93861123473165,22.010924310680434,-2.4464995200609865,Brož,Lubomír,ANO2011,ANO,1. pol. 2025
6726,-37.181360709552145,19.962890903562695,19.38743402724615,Černý,Oldřich,Svoboda a prima demokracie - Tomio Okamura,SPD,1. pol. 2025
6727,32.8403967413383,-18.504339606181816,-6.474069140052578,Decroix,Eva,Spolu,ODS,1. pol. 2025
6728,30.7887841249813,-16.760469072187128,-0.1791062920605251,Dubský,Tomáš,Pirati+STAN,STAN,1. pol. 2025
6729,33.80121563674696,-18.865906525113513,-3.334342457898164,Dufek,Aleš,Spolu,KDU-ČSL,1. pol. 2025
6730,-39.54311639866845,22.247085050078105,-1.81809179461014,Wenzl,Lubomír,ANO2011,ANO,1. pol. 2025
6731,-39.510876654730765,21.89211899261461,-6.51340631764753,Wenzl,Milan,ANO2011,ANO,1. pol. 2025
6732,-39.163775746244006,22.096318427297124,-1.3761471139520853,Mádlová,Ivana,ANO2011,ANO,1. pol. 2025
6733,31.22536268911781,-17.63416913312098,-11.684558709705755,Major,Martin,Spolu,ODS,1. pol. 2025
6734,31.614915115588122,-17.390985812555083,-2.833322887854163,Liška,Petr,Pirati+STAN,STAN,1. pol. 2025
6735,33.376098946418814,-18.53916845448079,-3.052908076162728,Kuchař,Jan,Pirati+STAN,STAN,1. pol. 2025
6736,-39.59450759645486,22.23734574723393,-1.7656782779452833,Kukla,Martin,ANO2011,ANO,1. pol. 2025
6737,32.68651389829411,-18.316528049039647,-3.646185055413743,Lacina,Jan,Pirati+STAN,STAN,1. pol. 2025
6738,-39.80896905544198,22.335275136795413,-1.4282566066624915,Lang,Hubert,ANO2011,ANO,1. pol. 2025
6739,34.76634802364551,-19.38396383292324,-1.729987234101139,Letocha,Petr,Pirati+STAN,STAN,1. pol. 2025
6740,-36.62502973008779,19.658658379617407,21.174017499413697,Sládeček,Karel,Svoboda a prima demokracie - Tomio Okamura,SPD,1. pol. 2025
6741,33.99034361938758,-18.976835274236475,-0.30292029837533463,Slavík,Jiří,Spolu,TOP09,1. pol. 2025
6742,33.941027067256556,-19.084787632473056,-4.089614963422833,Smetana,Karel,Spolu,KDU-ČSL,1. pol. 2025
6743,-40.499219592997974,22.615067885421933,-3.1454883963787967,Stržínek,Robert,ANO2011,ANO,1. pol. 2025
6744,34.49900968629022,-19.1660539600952,-0.010380876294230335,Salvetr,Rudolf,Spolu,ODS,1. pol. 2025
6745,-37.108991830765596,19.700783624295187,18.58071172153781,Pošarová,Marie,Svoboda a prima demokracie - Tomio Okamura,SPD,1. pol. 2025
6746,34.56426109032884,-19.265943155984125,-2.888447263833705,Potůčková,Lucie,Pirati+STAN,STAN,1. pol. 2025
6747,33.82948117137947,-18.82892382141291,-3.7091171495310284,Exner,Martin,Pirati+STAN,STAN,1. pol. 2025
6748,33.18000351211859,-18.722493857159296,-3.5291715601437588,Fifka,Petr,Spolu,ODS,1. pol. 2025
6749,-40.35688188145502,22.92275282884959,0.3271820806816878,Fischerová,Romana,ANO2011,ANO,1. pol. 2025
6750,32.33050252580532,-18.123027310128755,-4.884421426390169,Flek,Josef,Pirati+STAN,STAN,1. pol. 2025
6751,33.23364019206456,-18.763052955364504,-3.890022314035964,Haas,Karel,Spolu,ODS,1. pol. 2025
6752,34.04360782106969,-18.9458667179028,-2.258251563107015,Hájek,Martin,Pirati+STAN,STAN,1. pol. 2025
6753,-39.37769317359266,22.06562650615439,0.6885669661163025,Hanzlíková,Jana,ANO2011,ANO,1. pol. 2025
6754,33.94347684143265,-18.97101637392645,-0.8950853648292244,Havel,Matěj Ondřej,Spolu,TOP09,1. pol. 2025
6755,33.117437662704525,-18.701568309888643,-3.9247872230144205,Havránek,Jiří,Spolu,ODS,1. pol. 2025
6758,-39.63602913865697,22.247610025551733,-1.7170924836832557,Hendrych,Igor,ANO2011,ANO,1. pol. 2025
6759,34.673049065138564,-19.499672505712727,-0.2939293705205626,Hofmann,Jan,Spolu,ODS,1. pol. 2025
6761,32.26544317119738,-17.833428738748093,-5.265940580734387,Quittová,Petra,Pirati+STAN,STAN,1. pol. 2025
6762,32.76958772131292,-18.181648193703747,-3.290646229713436,Pivoňka Vaňková,Pavla,Pirati+STAN,STAN,1. pol. 2025
6763,34.02707125353465,-18.944031608857845,-2.1416960774465346,Šebelová,Michaela,Pirati+STAN,STAN,1. pol. 2025
6764,31.371822654127,-17.31310639917433,-5.633524762610742,Jílková,Marie,Spolu,KDU-ČSL,1. pol. 2025
6765,33.34556263599073,-18.840566262726675,-3.8374156750122888,Kašník,Pavel,Spolu,ODS,1. pol. 2025
6766,34.68572067333421,-19.335649033710613,-3.4868009446204122,Olšáková,Eliška,Pirati+STAN,STAN,1. pol. 2025
6767,35.44938545809047,-19.685037867036247,-3.0743860775818455,Opltová,Michaela,Pirati+STAN,STAN,1. pol. 2025
6768,34.10431131722179,-19.029556254716894,0.03628682001281768,Nový,Miloš,Spolu,TOP09,1. pol. 2025
6769,33.702140728522366,-18.85495488210562,-3.753137656819196,Okamura,Hayato,Spolu,KDU-ČSL,1. pol. 2025
6770,-39.86827020850846,22.46288157351298,-1.8218859792615265,Oulehlová,Renata,ANO2011,ANO,1. pol. 2025
6771,34.16786005713168,-18.989505212727533,-2.115809247360922,Naiclerová,Hana,Pirati+STAN,STAN,1. pol. 2025
6772,33.81371160006041,-18.721883678063474,-3.4244562021609473,Müller,Tomáš,Pirati+STAN,STAN,1. pol. 2025
6773,-35.60347761411497,18.621168401607235,19.62112053461516,Kettner,Zdeněk,Svoboda a prima demokracie - Tomio Okamura,SPD,1. pol. 2025
6774,34.04620187091369,-19.01797818893301,-0.5659270821311653,Klíma,Pavel,Spolu,TOP09,1. pol. 2025
6775,-38.957417354959645,21.992341890440574,-2.4337890536903943,Knechtová,Lenka,ANO2011,ANO,1. pol. 2025
6776,-5.408342677035942,8.554515033864218,6.188402574810936,Kocmanová,Klára,Pirati+STAN,Piráti,1. pol. 2025
6777,34.72596569375292,-19.70553004106683,-8.35212465272269,Kohajda,Michael,Spolu,KDU-ČSL,1. pol. 2025
6778,33.43276954745374,-18.646858033138123,-0.10886093471124662,Ochodnická,Martina,Spolu,TOP09,1. pol. 2025
6780,-38.82627137576429,21.820026700360998,-1.4455654109418912,Peštová,Berenika,ANO2011,ANO,1. pol. 2025
6781,33.044902771673414,-18.31525786635107,-2.0665698646452246,Rataj,Michael,Pirati+STAN,STAN,1. pol. 2025
6782,-39.24998106431137,21.902295025381076,-1.6215733347144363,Ryba,Drahoslav,ANO2011,ANO,1. pol. 2025
6783,-36.69906640468068,19.727989633759147,21.76076850568305,Síla,Jan,Svoboda a prima demokracie - Tomio Okamura,SPD,1. pol. 2025
6785,-37.26788991960809,20.014558218070253,20.090958887500932,Štefanová,Iveta,Svoboda a prima demokracie - Tomio Okamura,SPD,1. pol. 2025
6786,34.05643404880713,-19.165174915298003,-3.9329914993261212,Teleky,Róbert,Spolu,KDU-ČSL,1. pol. 2025
6787,33.23651397463667,-18.765389337524805,-3.865714488816237,Turek,Libor,Spolu,ODS,1. pol. 2025
6788,33.36364113124798,-18.857566255624928,-1.1797863626982787,Urbanová,Barbora,Pirati+STAN,STAN,1. pol. 2025
6789,34.788194011022945,-19.417510459408184,-1.4356704087561114,Vlček,Lukáš,Pirati+STAN,STAN,1. pol. 2025
6790,34.818955921691916,-19.760813623372808,-9.143733222792097,Voborská,Milada,Pirati+STAN,STAN,1. pol. 2025
6791,33.868093629396796,-18.839949207355712,-3.7045257662451103,Vojtko,Viktor,Pirati+STAN,STAN,1. pol. 2025
6792,31.553201794810107,-17.87342375892225,-3.207765309484672,Vomáčka,Vít,Spolu,ODS,1. pol. 2025
6793,32.76291237758559,-18.518690870059295,-3.74515944251217,Zajíčková,Renáta,Spolu,ODS,1. pol. 2025
6794,30.89782962921188,-17.2740839421166,-9.280636876494347,Zborovský,Miroslav,Spolu,KDU-ČSL,1. pol. 2025
6795,-36.90716571773952,19.793050505245862,21.98950147862629,Zlínský,Vladimír,Svoboda a prima demokracie - Tomio Okamura,SPD,1. pol. 2025
6796,33.747761910930464,-18.81695078990975,-0.27154928536508716,Zuna,Michal,Spolu,TOP09,1. pol. 2025
6797,33.8324938128676,-18.844584691506686,-2.784587693647695,Balaš,Vladimír,Pirati+STAN,STAN,1. pol. 2025
6798,33.03665772566929,-18.391070268783754,-4.050473771456676,Hájek,Jiří,Pirati+STAN,STAN,1. pol. 2025
6800,32.852202328671,-18.585088097373546,-3.035112843552146,Král,Václav,Spolu,ODS,1. pol. 2025
6801,32.97637020886605,-18.399558206363174,-6.941307014467718,Navrátil,Jiří,Spolu,KDU-ČSL,1. pol. 2025
6802,31.9762758614551,-17.573375638625574,7.159470729823163,Svoboda,Pavel,Spolu,TOP09,1. pol. 2025
6803,34.21125112025268,-19.195418596586663,-3.8736056542979416,Horák,Jiří,Spolu,KDU-ČSL,1. pol. 2025
6804,32.99109387838691,-18.609356143334644,-7.320309519609453,Němečková Crkvenjaš,Zdenka,Spolu,ODS,1. pol. 2025
6809,34.03744089469539,-18.958903087820275,-2.5398159432677776,Levko,Jarmila,Pirati+STAN,STAN,1. pol. 2025
6925,-36.784754146715436,19.751228459517353,21.027514937718895,Dlask,Marcel,Svoboda a prima demokracie - Tomio Okamura,SPD,1. pol. 2025
6937,33.12405676465535,-18.623285016257977,-0.6697063139624064,Dlouhý,Martin,Spolu,TOP09,1. pol. 2025
6939,-39.48358146829076,22.24523872125165,-2.2701262078589264,Dědeček,Jaromír,ANO2011,ANO,1. pol. 2025
6940,-40.31799824594634,22.918455821467223,4.482423063645934,Bláhová,Kamila,ANO2011,ANO,1. pol. 2025
6946,-39.239505665508794,22.149598150554702,-3.8406885111410176,Váňa,Josef,ANO2011,ANO,1. pol. 2025
6947,31.86206944797204,-17.73106545115377,-2.759863010737983,Doušová,Silvia,Pirati+STAN,STAN,1. pol. 2025
6964,-40.050444524172896,22.603550592252542,-2.0313690282280894,Hudec,Bohuslav,ANO2011,ANO,1. pol. 2025
